popularity,popularity_num,danceability,energy,key,loudness,mode,speechiness,acousticness,instrumentalness,liveness,valence,tempo,time_signature
False,96,0.752,0.488,6,-7.05,1,0.0705,0.297,9.11e-06,0.0936,0.533,136.041,4
False,99,0.724,0.647,1,-5.642,1,0.0658,0.28,0,0.102,0.435,106.96,4
False,88,0.693,0.575,9,-6.998,1,0.0801,0.374,0,0.252,0.492,117.999,4
False,95,0.753,0.498,2,-5.61,1,0.0504,0.551,0,0.0706,0.927,89.95,4
False,89,0.665,0.699,11,-5.265,1,0.0578,0.423,0,0.0969,0.585,124.896,4
False,91,0.757,0.849,5,-3.424,0,0.0536,0.173,0,0.0878,0.826,150.036,4
False,94,0.703,0.723,9,-5.45,0,0.0412,0.0302,2.06e-06,0.126,0.288,104.969,4
False,86,0.383,0.637,3,-6.993,1,0.0703,0.0722,0,0.368,0.0827,177.913,4
False,93,0.719,0.704,1,-4.724,1,0.0476,0.0691,0,0.166,0.628,133.002,4
False,73,0.537,0.837,0,-4.477,1,0.039,0.19,0,0.348,0.533,90.083,4
False,90,0.442,0.585,0,-10.332,0,0.0964,0.0984,0.391,0.14,0.116,97.565,4
False,91,0.678,0.729,8,-4.188,1,0.137,0.0658,0,0.303,0.643,99.895,4
False,93,0.498,0.104,1,-14.08,0,0.0621,0.979,7.86e-05,0.0895,0.205,124.001,3
False,100,0.841,0.798,1,-4.206,0,0.229,0.153,3.33e-06,0.0618,0.591,95.948,4
False,76,0.704,0.56,1,-6.791,0,0.179,0.185,0,0.0948,0.609,75.003,4
False,92,0.531,0.854,10,-3.149,1,0.198,0.288,0,0.0773,0.456,94.419,4
False,96,0.834,0.73,8,-3.714,1,0.222,0.00513,0,0.124,0.446,155.008,4
False,87,0.574,0.758,1,-5.029,0,0.0621,0.0969,0,0.395,0.492,144.111,4
False,89,0.575,0.33,7,-6.557,1,0.031,0.416,0,0.0872,0.277,95.801,4
False,84,0.775,0.872,6,-4.194,1,0.0469,0.033,0.0579,0.298,0.379,122.994,4
False,90,0.772,0.493,5,-3.41,0,0.0729,0.0617,0.0328,0.154,0.385,143.97,4
False,82,0.404,0.531,1,-4.328,1,0.103,0.215,0,0.0521,0.321,164.848,4
False,98,0.817,0.539,6,-6.349,0,0.0621,0.0141,0.000496,0.099,0.158,97.062,4
False,86,0.694,0.63,7,-6.84,0,0.162,0.0998,0.000635,0.12,0.341,90.045,4
False,88,0.669,0.684,7,-4.595,1,0.0585,0.252,0,0.72,0.466,96.097,4
False,80,0.755,0.615,4,-8.245,1,0.0454,0.00587,1.75e-06,0.109,0.039,105.955,4
False,86,0.575,0.571,1,-7.906,1,0.0439,0.0558,0,0.0912,0.449,105.049,4
False,74,0.499,0.181,9,-15.359,0,0.0429,0.745,0.00123,0.106,0.0747,111.956,4
False,93,0.669,0.574,4,-6.442,0,0.0286,0.0175,0.00294,0.146,0.273,120.013,4
False,79,0.703,0.748,1,-6.047,1,0.0435,0.123,0,0.0642,0.625,111.943,4
False,76,0.657,0.569,2,-6.287,1,0.0542,0.201,1.38e-05,0.126,0.399,102.054,4
False,73,0.719,0.703,5,-4.93,0,0.0392,0.032,1.14e-05,0.0656,0.72,101.984,4
False,87,0.755,0.625,2,-7.114,1,0.0896,0.49,0,0.157,0.374,147.02,4
False,87,0.95,0.59,8,-6.508,0,0.29,0.00534,0,0.11,0.219,130.003,4
False,73,0.815,0.518,7,-6.594,0,0.0897,0.223,0,0.104,0.877,151.891,4
False,98,0.687,0.792,5,-2.749,1,0.0452,0.191,0,0.167,0.671,100.015,4
False,77,0.82,0.582,2,-4.441,1,0.0454,0.428,0,0.0419,0.309,112.064,4
False,95,0.826,0.615,8,-7.979,0,0.219,0.071,0,0.0965,0.543,98.056,4
False,85,0.739,0.742,7,-4.586,1,0.0329,0.0227,1.39e-06,0.229,0.659,124.016,4
True,60,0.794,0.188,0,-11.957,1,0.0523,0.601,0,0.637,0.64,93.967,4
False,91,0.8,0.578,4,-5.144,0,0.0485,0.00381,0,0.359,0.367,143.01,4
False,84,0.703,0.66,10,-5.119,0,0.123,0.137,0,0.192,0.79,95.031,4
False,86,0.553,0.502,0,-5.972,1,0.0409,0.299,0,0.764,0.296,129.976,4
False,86,0.499,0.638,0,-6.145,1,0.0438,0.129,0,0.631,0.253,89.98,4
False,77,0.738,0.629,6,-4.882,0,0.0495,0.268,0.00114,0.163,0.319,146.067,4
False,86,0.55,0.415,9,-6.557,0,0.052,0.161,0,0.108,0.274,172.065,4
False,86,0.746,0.703,4,-4.179,0,0.107,0.352,0,0.331,0.667,166.043,4
False,87,0.754,0.342,10,-8.677,0,0.0991,0.073,0,0.193,0.423,128.981,4
False,84,0.652,0.897,7,-4.481,0,0.036,0.293,0,0.0722,0.475,114.033,4
False,83,0.547,0.289,0,-8.131,1,0.0348,0.645,0,0.148,0.213,104.851,3
True,23,0.583,0.732,11,-5.728,0,0.0457,0.00312,9.86e-06,0.269,0.276,145.992,4
False,88,0.626,0.88,9,-2.384,0,0.0504,0.205,0,0.128,0.534,95.079,4
False,76,0.851,0.541,0,-6.825,1,0.0505,0.568,0,0.13,0.448,124.959,4
True,44,0.748,0.652,7,-3.02,1,0.058,0.208,0,0.128,0.431,106.914,4
False,81,0.874,0.497,6,-5.484,1,0.0562,0.22,0,0.0761,0.542,106.023,4
False,87,0.836,0.544,7,-5.975,1,0.0943,0.0403,0,0.0824,0.51,97.028,4
False,94,0.511,0.566,6,-7.23,0,0.2,0.349,0,0.34,0.218,83.903,4
False,78,0.628,0.698,6,-5.608,0,0.105,0.0472,0.00143,0.0907,0.732,89.976,4
False,87,0.596,0.854,7,-5.114,0,0.463,0.0169,0,0.124,0.152,120.274,4
False,93,0.68,0.563,10,-5.843,1,0.0454,0.354,0,0.136,0.374,145.028,4
True,22,0.796,0.606,5,-5.254,0,0.0657,0.0767,2.99e-06,0.0863,0.42,110.007,4
False,86,0.748,0.524,8,-5.599,1,0.0338,0.414,0,0.111,0.661,95.01,4
True,37,0.659,0.716,5,-5.673,0,0.111,0.33,0,0.173,0.437,148.015,4
False,82,0.501,0.519,4,-5.88,0,0.0409,0.109,0,0.454,0.168,133.99,4
True,32,0.663,0.713,7,-6.647,0,0.112,0.0353,7.68e-06,0.0843,0.69,101.965,4
False,90,0.699,0.713,9,-5.507,0,0.0594,0.04,3.11e-06,0.294,0.354,121.993,4
False,86,0.762,0.7,9,-6.021,0,0.0694,0.00261,1.56e-05,0.153,0.608,116.073,4
False,86,0.752,0.505,9,-7.621,1,0.253,0.535,2.55e-06,0.104,0.419,91.97,4
True,26,0.599,0.667,7,-4.267,1,0.0367,0.0533,0,0.134,0.817,80.984,4
False,80,0.803,0.585,8,-5.861,1,0.0432,0.103,3.94e-06,0.0644,0.593,105.017,4
False,82,0.69,0.622,5,-5.025,0,0.0622,0.253,0,0.116,0.544,102.04,4
False,85,0.798,0.539,1,-6.351,1,0.0421,0.199,1.66e-05,0.165,0.394,136.949,4
True,59,0.736,0.879,9,-3.782,0,0.0696,0.0369,0.000736,0.233,0.757,107.976,4
False,84,0.697,0.683,1,-2.881,0,0.117,0.0372,0,0.137,0.603,96.133,4
True,37,0.659,0.717,8,-4.202,1,0.0581,0.0393,0,0.0769,0.71,103.036,4
True,38,0.548,0.701,11,-4.862,0,0.0914,0.0178,1.34e-05,0.134,0.309,104.237,4
False,77,0.565,0.849,0,-3.516,0,0.0517,0.00868,4.68e-06,0.12,0.427,102.034,4
False,83,0.652,0.713,8,-5.311,1,0.0368,0.0771,1.02e-05,0.144,0.152,100.023,4
False,74,0.703,0.868,7,-4.661,0,0.0291,0.15,0.132,0.104,0.733,121.03,4
False,70,0.67,0.838,0,-4.031,1,0.0362,0.0604,0.000611,0.159,0.717,104.998,4
False,78,0.757,0.672,0,-6.524,0,0.0955,0.0186,0,0.158,0.382,111.996,4
False,68,0.672,0.642,5,-4.552,1,0.0461,0.127,0,0.137,0.656,123.984,4
False,87,0.825,0.652,1,-3.183,0,0.0802,0.581,0,0.0931,0.931,95.977,4
False,72,0.602,0.797,6,-5.084,0,0.0534,0.055,0,0.187,0.492,92.928,4
True,23,0.772,0.775,10,-4.388,0,0.112,0.0417,0,0.226,0.748,124.978,4
True,33,0.774,0.626,3,-4.432,0,0.0432,0.0969,3.12e-05,0.0848,0.777,100.041,4
False,80,0.63,0.928,9,-2.787,0,0.0331,0.199,0.124,0.148,0.465,123.963,4
True,47,0.601,0.809,0,-4.814,1,0.0441,0.00763,0.0757,0.145,0.249,167.96,4
False,81,0.628,0.593,8,-5.036,1,0.0323,0.093,1.65e-06,0.096,0.104,125.026,4
True,35,0.768,0.517,7,-4.323,0,0.0312,0.186,3.8e-05,0.104,0.418,104.992,4
False,73,0.6,0.412,8,-9.343,1,0.344,0.615,0.0025,0.134,0.408,113.049,5
False,85,0.52,0.761,4,-3.093,1,0.0853,0.256,4.96e-06,0.17,0.286,141.971,4
False,78,0.646,0.644,2,-6.763,1,0.031,0.0243,0,0.0888,0.251,99.999,4
False,82,0.645,0.713,6,-5.355,1,0.0393,0.00835,0,0.113,0.566,74.989,4
False,82,0.532,0.869,11,-5.094,1,0.172,0.157,0.00508,0.136,0.422,159.803,4
False,81,0.658,0.678,1,-4.407,1,0.058,0.303,0,0.361,0.662,97.976,4
False,72,0.785,0.617,1,-5.871,1,0.0522,0.00902,0.00246,0.351,0.382,103.981,4
False,73,0.584,0.569,0,-4.259,1,0.166,0.0508,0,0.0924,0.501,89.779,4
False,75,0.683,0.708,5,-6.244,0,0.0305,0.0398,0.155,0.686,0.355,92.991,4
False,85,0.71,0.789,4,-3.874,1,0.0722,0.0161,2.77e-06,0.451,0.717,142.929,4
False,83,0.653,0.863,2,-4.799,1,0.0457,0.0018,0,0.0406,0.276,134.004,4
True,50,0.609,0.378,4,-9.828,1,0.438,0.835,0,0.28,0.515,100.418,4
False,78,0.737,0.792,11,-4.117,0,0.0416,0.102,0,0.0532,0.543,104.012,4
False,79,0.694,0.712,7,-3.923,0,0.046,0.133,0,0.211,0.799,98.022,4
False,82,0.707,0.629,0,-4.581,0,0.0563,0.259,1.6e-05,0.138,0.457,122.863,4
False,80,0.729,0.615,4,-4.238,1,0.0647,0.378,0,0.105,0.508,99.989,4
False,80,0.696,0.817,1,-3.862,1,0.109,0.075,0,0.187,0.782,98.064,4
False,71,0.64,0.533,0,-6.596,1,0.0706,0.119,0,0.0864,0.515,99.968,4
False,74,0.573,0.739,0,-5.74,1,0.129,0.0285,0,0.111,0.451,97.085,4
False,77,0.688,0.702,7,-4.792,0,0.0499,0.0215,0,0.128,0.74,94.006,4
True,21,0.777,0.627,7,-6.142,1,0.0792,0.356,0,0.0956,0.444,100.054,4
True,18,0.455,0.797,10,-4.133,0,0.36,0.132,0,0.11,0.757,165.717,4
False,84,0.853,0.56,1,-4.961,1,0.0406,0.013,0,0.0944,0.86,134.066,4
True,35,0.735,0.451,0,-8.374,1,0.0585,0.0631,1.3e-05,0.325,0.0862,117.973,4
True,22,0.774,0.748,4,-5.478,0,0.0509,0.163,0,0.0516,0.914,119.009,4
True,30,0.645,0.741,5,-4.989,0,0.0339,0.0323,0,0.29,0.534,123.07,4
False,90,0.737,0.636,11,-4.546,0,0.0437,0.0441,6.66e-05,0.35,0.565,105.005,4
False,64,0.704,0.423,8,-6.792,1,0.0862,0.416,0,0.0607,0.451,113.962,4
False,78,0.611,0.644,6,-7.607,0,0.0553,0.124,0,0.124,0.13,105.969,4
False,86,0.643,0.783,10,-6.458,1,0.0856,0.047,0,0.083,0.579,154.084,4
True,48,0.758,0.448,7,-9.441,1,0.103,0.0309,8.67e-05,0.558,0.373,77.176,4
False,77,0.607,0.649,11,-6.695,0,0.0362,0.0306,2.46e-05,0.174,0.505,102.996,4
False,85,0.72,0.807,11,-4.59,0,0.0432,0.129,0,0.183,0.305,124.946,4
False,84,0.736,0.449,1,-11.462,0,0.425,0.33,0.000162,0.0898,0.326,80.126,4
False,81,0.72,0.763,9,-4.068,0,0.0523,0.406,0,0.18,0.742,101.965,4
False,83,0.607,0.376,4,-9.954,1,0.453,0.856,0,0.285,0.545,102.541,4
False,77,0.777,0.895,4,-4.464,1,0.0618,0.0348,0,0.317,0.826,111.987,4
True,59,0.583,0.732,11,-5.728,0,0.0457,0.00312,9.86e-06,0.269,0.276,145.992,4
False,76,0.738,0.868,11,-4.373,0,0.0731,0.0389,0.00171,0.388,0.336,122.003,4
False,64,0.781,0.445,2,-6.061,1,0.0295,0.474,0,0.184,0.591,78.998,4
False,77,0.432,0.781,4,-4.038,0,0.0567,0.041,4.21e-06,0.0789,0.197,139.432,4
False,84,0.726,0.769,6,-5.043,1,0.123,0.0293,0.0101,0.104,0.733,97.985,4
False,84,0.444,0.819,10,-4.078,0,0.341,0.106,0,0.107,0.747,82.695,4
True,27,0.694,0.712,7,-3.923,0,0.046,0.133,0,0.211,0.799,98.022,4
True,32,0.748,0.819,10,-4.032,0,0.198,0.13,0,0.111,0.792,110.645,3
False,80,0.705,0.769,9,-5.526,0,0.0426,0.112,0,0.105,0.59,107.939,4
False,78,0.449,0.585,5,-6.762,1,0.0268,0.0522,8.49e-05,0.0833,0.203,139.627,4
False,73,0.421,0.791,9,-4.998,1,0.0496,0.0117,1.48e-05,0.146,0.499,130.075,4
True,59,0.683,0.943,9,-3.6,1,0.0397,0.00422,0.0978,0.0355,0.707,118.99,4
False,80,0.576,0.267,2,-5.668,1,0.044,0.878,0,0.119,0.326,205.888,4
True,47,0.654,0.76,0,-3.669,0,0.045,0.0797,0,0.299,0.41,99.945,4
True,60,0.565,0.832,10,-5.732,0,0.114,0.0247,0,0.26,0.233,112.827,4
False,83,0.734,0.637,4,-5.677,0,0.141,0.0462,2.29e-05,0.0602,0.648,169.977,4
False,70,0.605,0.77,5,-3.645,0,0.0446,0.0431,0,0.159,0.298,130.037,4
False,74,0.671,0.916,6,-4.014,0,0.0397,0.0282,0.00762,0.24,0.803,126.01,4
False,69,0.702,0.705,0,-6.666,1,0.0543,0.258,5.93e-06,0.0879,0.743,154.911,4
False,75,0.621,0.306,9,-9.78,0,0.0268,0.938,6.71e-05,0.129,0.0853,111.926,4
False,77,0.731,0.822,1,-5.305,1,0.0459,0.394,0,0.288,0.708,118.021,4
True,21,0.765,0.473,10,-5.829,1,0.0514,0.287,0,0.391,0.34,119.992,4
False,84,0.678,0.588,7,-7.015,1,0.276,0.141,6.35e-06,0.137,0.486,186.005,4
False,79,0.399,0.787,1,-2.88,1,0.0499,0.0197,6.07e-05,0.0685,0.572,117.089,5
False,76,0.884,0.765,8,-3.865,1,0.0882,0.063,7.04e-06,0.118,0.594,99.987,4
False,72,0.378,0.638,10,-5.576,1,0.075,0.02,7.66e-05,0.0849,0.735,184.086,4
False,75,0.774,0.756,1,-4.995,1,0.0389,0.0423,0,0.305,0.931,144.032,4
True,14,0.767,0.695,4,-7.153,0,0.0548,0.129,0,0.0407,0.896,118.99,4
False,68,0.748,0.741,6,-3.103,1,0.0531,0.00419,0,0.147,0.537,128.077,4
False,63,0.803,0.631,8,-4.213,1,0.0444,0.102,7.39e-06,0.0858,0.659,104.999,4
False,69,0.592,0.801,7,-5.522,1,0.0372,0.00264,0.00126,0.117,0.502,95.032,4
False,76,0.584,0.7,11,-4.275,1,0.0456,0.117,0,0.0939,0.438,124.944,4
False,62,0.484,0.731,1,-6.694,1,0.0379,0.431,0,0.151,0.51,101.654,4
False,73,0.612,0.921,7,-2.879,1,0.0848,0.0183,0,0.0576,0.453,139.986,4
True,54,0.776,0.574,5,-9.882,0,0.0317,0.466,7.83e-05,0.131,0.412,121.03,4
True,24,0.5,0.418,0,-6.535,1,0.0377,0.566,0.000193,0.11,0.176,84.899,4
False,67,0.638,0.832,8,-5.039,1,0.049,0.141,0,0.113,0.648,124.071,4
False,72,0.725,0.68,8,-5.465,1,0.0306,0.162,2.13e-06,0.158,0.76,119.939,4
False,74,0.707,0.924,7,-2.842,1,0.031,0.000972,0.00703,0.204,0.919,127.937,4
False,83,0.589,0.651,6,-5.097,1,0.0306,0.0291,3.2e-06,0.111,0.166,90.011,4
True,12,0.7,0.696,11,-3.842,0,0.103,0.0129,0,0.488,0.375,93.066,4
False,78,0.726,0.698,5,-4.165,1,0.0431,0.049,0,0.309,0.867,143.994,4
False,63,0.215,0.419,11,-8.857,0,0.0422,0.264,2.59e-05,0.112,0.164,48.817,4
False,84,0.422,0.264,8,-7.064,1,0.0322,0.922,0,0.132,0.331,119.93,4
False,78,0.748,0.788,1,-7.055,1,0.0334,0.0591,0,0.0863,0.884,120.076,4
False,74,0.747,0.705,9,-5.137,0,0.126,0.0128,0,0.126,0.56,136.024,4
True,17,0.702,0.705,0,-6.666,1,0.0543,0.258,5.93e-06,0.0879,0.743,154.911,4
False,68,0.553,0.506,0,-5.967,1,0.0411,0.317,0,0.763,0.306,130.027,4
False,84,0.672,0.655,10,-5.021,0,0.0311,0.0362,0,0.117,0.556,134.945,4
False,69,0.643,0.638,1,-4.947,0,0.0407,0.204,0,0.0707,0.6,82.001,4
False,80,0.666,0.728,7,-5.808,1,0.0419,0.00175,4.26e-06,0.0429,0.51,122.996,4
True,61,0.494,0.637,5,-6.381,1,0.0333,0.669,0,0.0882,0.1,147.924,4
False,71,0.591,0.718,8,-6.025,1,0.0368,0.348,0.000118,0.107,0.468,117.995,4
False,83,0.828,0.689,7,-7.878,1,0.0326,0.325,0.0384,0.0808,0.853,123.931,4
False,71,0.5,0.77,8,-5.059,1,0.0432,0.238,0.00636,0.104,0.633,92.223,4
False,70,0.57,0.519,5,-5.671,1,0.0309,0.733,0,0.139,0.24,139.701,4
False,78,0.563,0.592,9,-4.571,1,0.0276,0.209,5.08e-05,0.132,0.136,104.016,4
True,26,0.453,0.496,5,-5.785,1,0.0453,0.554,2.65e-05,0.0772,0.501,80.994,4
False,84,0.578,0.694,5,-5.351,1,0.0706,0.0112,0,0.102,0.268,129.921,4
False,76,0.509,0.538,7,-7.335,1,0.0572,0.385,0,0.104,0.244,75.089,4
True,23,0.637,0.843,5,-5.413,1,0.0432,0.0151,0,0.0876,0.434,109.012,4
False,84,0.614,0.379,4,-10.48,1,0.0476,0.607,0.000464,0.0986,0.201,107.989,4
False,83,0.358,0.557,10,-7.398,1,0.059,0.695,0,0.0902,0.494,85.043,4
False,84,0.781,0.445,2,-6.061,1,0.0295,0.474,0,0.184,0.591,78.998,4
False,76,0.691,0.271,6,-7.583,1,0.0335,0.892,0,0.109,0.548,89.99,4
False,83,0.331,0.235,10,-7.7,1,0.0299,0.918,0,0.137,0.218,171.232,3
True,60,0.846,0.5,1,-4.145,0,0.0408,0.45,0.000632,0.122,0.46,97.03,4
True,26,0.479,0.419,0,-6.517,1,0.0389,0.568,0.000217,0.11,0.186,85.014,4
False,79,0.697,0.467,9,-7.536,1,0.0715,0.248,0,0.0941,0.572,82.081,4
True,53,0.68,0.536,5,-6.669,0,0.0582,0.0102,0.00105,0.113,0.417,119.958,4
False,94,0.553,0.586,11,-6.319,1,0.0362,0.697,0,0.0813,0.443,126.684,4
False,70,0.596,0.838,5,-6.52,0,0.0704,0.0189,1.54e-05,0.108,0.472,94.982,4
False,70,0.354,0.206,0,-11.799,1,0.0365,0.779,0.00021,0.0959,0.202,139.056,4
False,70,0.554,0.667,7,-9.343,1,0.0439,0.0632,1.43e-05,0.0686,0.281,100.017,4
True,59,0.589,0.603,2,-5.517,1,0.0435,0.165,0,0.0687,0.456,76.874,4
False,77,0.451,0.34,7,-7.466,1,0.031,0.763,2.49e-06,0.135,0.221,110.502,4
False,82,0.6,0.535,4,-7.043,1,0.107,0.648,4.7e-06,0.162,0.269,71.912,4
True,59,0.505,0.31,5,-10.423,1,0.03,0.885,0.00359,0.0996,0.34,82.591,4
False,68,0.576,0.303,1,-10.359,1,0.0489,0.786,0,0.0993,0.753,77.872,4
True,23,0.515,0.378,5,-8.264,1,0.065,0.618,0,0.172,0.536,91.883,4
False,84,0.686,0.457,11,-8.322,1,0.0468,0.595,0,0.105,0.718,150.953,4
False,80,0.761,0.386,4,-6.158,1,0.0399,0.355,0,0.0953,0.526,134.943,3
True,61,0.53,0.731,6,-7.073,1,0.049,0.0442,0.0145,0.193,0.69,78.796,4
True,40,0.646,0.658,7,-4.678,1,0.052,0.0617,0,0.0692,0.44,92.001,4
False,67,0.572,0.742,2,-3.783,1,0.0432,0.00475,0,0.339,0.263,90.056,4
True,61,0.387,0.249,9,-13.233,1,0.0437,0.918,0,0.103,0.346,94.039,4
False,78,0.633,0.559,6,-5.135,1,0.313,0.338,0,0.262,0.473,114.983,4
False,78,0.421,0.873,10,-4.343,1,0.0565,0.0653,0,0.123,0.63,84.803,4
False,63,0.59,0.781,0,-5.42,1,0.0299,0.0071,0,0.191,0.656,88.022,4
False,78,0.63,0.53,0,-7.259,1,0.0434,0.4,0,0.177,0.417,108.038,3
False,68,0.839,0.63,9,-7.047,1,0.0805,0.105,0,0.0669,0.393,106.0,4
False,74,0.585,0.303,4,-10.058,1,0.0398,0.694,0,0.115,0.142,136.703,3
False,82,0.75,0.404,9,-10.178,0,0.0682,0.216,0.000357,0.0911,0.0499,95.045,4
False,68,0.623,0.493,5,-7.727,0,0.0338,0.0632,0,0.104,0.594,81.019,4
False,67,0.43,0.587,9,-8.003,1,0.0348,0.654,8.83e-05,0.158,0.332,156.006,4
False,84,0.56,0.442,5,-7.224,1,0.0243,0.727,1.71e-05,0.11,0.212,146.448,4
True,17,0.568,0.686,11,-4.901,0,0.0903,0.133,0,0.11,0.4,148.294,4
True,54,0.24,0.234,3,-12.07,1,0.0294,0.959,0.000103,0.0959,0.0934,83.223,4
False,80,0.611,0.602,5,-4.89,1,0.0437,0.000837,0,0.112,0.624,168.154,4
False,64,0.88,0.675,4,-5.035,1,0.0359,0.284,0,0.103,0.561,114.022,4
False,68,0.446,0.573,3,-5.081,1,0.0279,0.0416,0,0.108,0.167,135.96,4
False,68,0.656,0.773,8,-3.609,1,0.0297,0.00989,0,0.436,0.406,120.056,4
False,62,0.683,0.833,8,-3.324,1,0.0595,0.0499,0.000858,0.161,0.537,136.099,4
False,79,0.689,0.481,10,-7.503,1,0.0815,0.369,1.03e-06,0.0649,0.283,80.025,4
True,58,0.566,0.664,4,-5.303,0,0.0464,0.634,0,0.116,0.437,128.945,4
True,56,0.429,0.363,0,-7.539,1,0.0327,0.338,0.000343,0.128,0.16,75.483,4
True,61,0.565,0.857,2,-4.519,1,0.0384,0.0146,0,0.0606,0.632,126.072,4
False,73,0.61,0.683,2,-3.879,0,0.0253,0.00382,1.79e-06,0.125,0.466,108.003,4
True,50,0.492,0.736,2,-7.318,1,0.0638,0.105,0.00621,0.141,0.347,81.965,4
False,64,0.373,0.703,4,-5.803,1,0.062,0.0597,0,0.0715,0.221,123.909,4
True,52,0.916,0.546,6,-5.118,1,0.0495,0.0329,2.48e-06,0.117,0.916,95.007,4
False,77,0.276,0.715,0,-5.356,1,0.0432,0.00552,0.000417,0.201,0.173,137.028,4
False,77,0.6,0.663,3,-5.802,1,0.0477,0.225,0,0.119,0.286,121.07,4
False,86,0.592,0.691,3,-8.354,1,0.196,0.156,9.78e-06,0.418,0.0796,99.976,4
True,54,0.648,0.474,3,-7.175,0,0.0816,0.709,8.15e-06,0.0914,0.464,77.098,4
True,59,0.603,0.842,9,-4.677,0,0.0388,0.124,1.58e-06,0.56,0.384,90.035,4
True,15,0.795,0.378,4,-9.979,1,0.316,0.859,0,0.204,0.576,100.227,4
False,81,0.209,0.418,3,-8.74,1,0.0338,0.163,0.00195,0.113,0.123,138.265,4
False,62,0.649,0.576,1,-5.936,0,0.0449,0.224,0,0.445,0.311,107.989,4
False,72,0.733,0.533,4,-6.971,1,0.0357,0.49,0,0.171,0.483,104.506,4
False,62,0.534,0.127,6,-15.385,1,0.0358,0.874,0.774,0.112,0.181,128.368,4
False,64,0.587,0.542,5,-7.876,1,0.034,0.0014,0,0.0906,0.371,89.991,4
True,47,0.378,0.256,4,-8.899,1,0.0336,0.841,0,0.0854,0.359,123.828,4
False,90,0.672,0.735,5,-4.733,1,0.0457,0.286,0,0.242,0.754,115.741,4
False,77,0.559,0.33,9,-8.251,1,0.0285,0.892,0,0.0975,0.285,135.109,4
True,54,0.69,0.461,9,-6.658,1,0.0667,0.0702,2.54e-06,0.0947,0.387,96.996,4
False,71,0.489,0.581,11,-5.731,1,0.0281,0.0312,0,0.132,0.494,86.016,4
True,52,0.554,0.75,11,-7.972,1,0.0434,0.0628,2.15e-05,0.297,0.38,153.985,4
False,71,0.672,0.623,9,-5.699,1,0.0297,0.241,0,0.0848,0.617,92.018,4
False,67,0.667,0.613,1,-5.353,1,0.0344,0.403,0,0.115,0.47,91.024,4
False,74,0.577,0.756,2,-5.82,1,0.115,0.159,0.000232,0.249,0.663,176.75,4
False,84,0.587,0.299,8,-7.365,1,0.0263,0.779,0,0.123,0.356,94.992,3
True,58,0.917,0.52,2,-7.357,1,0.293,0.393,0,0.0429,0.642,95.489,4
True,59,0.529,0.801,0,-4.526,1,0.0321,1.9e-05,0.107,0.0732,0.454,119.99,4
True,52,0.544,0.55,10,-6.756,0,0.0248,0.0541,0,0.243,0.246,144.028,4
False,77,0.513,0.768,4,-4.868,0,0.0587,0.0118,1.94e-05,0.294,0.235,84.264,4
False,74,0.546,0.311,1,-10.396,1,0.0288,0.818,1.65e-05,0.107,0.246,147.464,4
False,76,0.739,0.511,9,-7.844,1,0.0362,0.167,1.34e-06,0.133,0.542,96.038,4
True,61,0.643,0.569,7,-7.459,1,0.0276,0.544,2.17e-05,0.178,0.275,120.507,4
False,89,0.351,0.296,4,-10.109,0,0.0333,0.934,0,0.095,0.12,115.284,4
False,73,0.836,0.67,5,-6.907,0,0.23,0.00826,0.000355,0.0837,0.556,107.018,4
False,78,0.575,0.714,6,-5.247,1,0.0596,0.395,0,0.115,0.32,144.982,4
True,46,0.926,0.677,6,-7.268,0,0.194,0.0818,0.00468,0.0968,0.608,121.974,4
True,61,0.894,0.61,4,-5.691,0,0.0487,0.0227,0.00744,0.102,0.78,136.64,4
False,87,0.596,0.854,7,-5.114,0,0.463,0.0169,0,0.124,0.152,120.274,4
True,56,0.399,0.721,4,-5.562,0,0.0523,0.0621,0.00282,0.278,0.113,160.125,4
True,60,0.467,0.456,1,-7.611,0,0.22,0.278,0,0.0624,0.424,83.989,4
False,91,0.568,0.656,8,-5.413,1,0.0433,0.0211,1.37e-05,0.213,0.364,100.049,4
True,59,0.765,0.58,1,-7.582,1,0.471,0.177,0,0.162,0.785,63.576,4
False,66,0.59,0.498,9,-6.845,1,0.0827,0.162,0,0.0947,0.504,80.022,4
False,84,0.697,0.552,1,-10.271,0,0.196,0.479,0.127,0.147,0.278,75.235,4
False,74,0.752,0.505,9,-7.621,1,0.253,0.535,2.55e-06,0.104,0.419,91.97,4
False,91,0.851,0.541,0,-6.825,1,0.0505,0.568,0,0.13,0.448,124.959,4
False,66,0.74,0.453,5,-7.58,0,0.151,0.264,7.13e-05,0.129,0.514,98.057,4
False,91,0.588,0.67,0,-6.439,1,0.0473,0.0104,3.33e-06,0.338,0.505,118.159,4
False,66,0.774,0.45,11,-6.86,1,0.0896,0.443,3.28e-05,0.127,0.648,90.055,4
False,72,0.475,0.37,4,-7.725,0,0.0361,0.819,0.0577,0.0841,0.157,144.828,4
True,52,0.876,0.487,7,-6.454,1,0.0926,0.102,0,0.228,0.667,103.074,4
False,70,0.877,0.558,1,-4.896,1,0.342,0.066,0,0.0745,0.493,157.027,4
False,95,0.56,0.68,6,-7.648,0,0.321,0.555,0,0.116,0.319,89.391,4
False,76,0.703,0.868,7,-4.661,0,0.0291,0.15,0.132,0.104,0.733,121.03,4
False,71,0.701,0.529,7,-12.242,0,0.147,0.82,0.00113,0.249,0.577,138.216,4
True,47,0.816,0.654,7,-6.85,1,0.0497,0.00746,1.45e-06,0.056,0.669,124.992,4
False,91,0.638,0.717,2,-4.722,1,0.0337,0.346,0,0.105,0.249,100.027,4
True,28,0.671,0.398,4,-9.428,0,0.281,0.0847,0,0.062,0.733,159.723,4
False,85,0.694,0.852,7,-5.34,0,0.257,0.0882,0,0.334,0.377,107.178,4
True,54,0.442,0.652,11,-8.636,0,0.0405,0.00235,1.06e-06,0.5,0.18,75.576,4
False,86,0.691,0.716,7,-5.985,1,0.0351,0.0085,9.06e-06,0.263,0.507,112.035,4
True,31,0.74,0.665,6,-5.786,0,0.0711,0.0014,1.62e-05,0.141,0.454,94.989,4
True,60,0.794,0.448,6,-7.401,0,0.148,0.313,0.0184,0.128,0.429,149.975,4
True,53,0.822,0.833,2,-2.986,0,0.0665,0.101,0.113,0.0406,0.968,100.005,4
True,53,0.862,0.342,10,-10.095,0,0.0551,0.665,8.19e-05,0.102,0.177,129.992,4
False,83,0.752,0.764,1,-4.399,1,0.038,0.0476,9.44e-05,0.0543,0.582,121.958,4
False,77,0.732,0.69,4,-7.745,0,0.174,0.538,9.37e-05,0.191,0.636,117.157,4
False,78,0.703,0.66,10,-5.119,0,0.123,0.137,0,0.192,0.79,95.031,4
False,69,0.837,0.802,4,-6.507,0,0.188,0.0244,0.00874,0.307,0.453,127.008,4
False,67,0.793,0.777,4,-5.636,0,0.197,0.273,0,0.144,0.528,103.956,4
False,70,0.728,0.811,7,-4.278,1,0.0564,0.0453,2.07e-06,0.362,0.705,114.995,4
False,66,0.791,0.761,5,-5.76,0,0.0392,0.231,0.000626,0.367,0.797,111.663,4
False,74,0.867,0.724,6,-4.266,1,0.0978,0.258,0,0.0527,0.757,128.97,4
False,76,0.623,0.872,11,-3.773,0,0.147,0.0097,0,0.0708,0.355,105.147,4
False,80,0.777,0.812,2,-3.206,0,0.0598,0.0125,0.00233,0.0264,0.283,103.023,4
True,59,0.778,0.801,5,-6.456,1,0.0758,0.0284,0,0.327,0.62,106.061,4
False,62,0.567,0.808,7,-4.573,0,0.0963,0.068,0,0.0711,0.447,99.71,4
False,64,0.864,0.743,7,-6.431,1,0.0889,0.00504,0.0708,0.059,0.887,117.937,4
False,71,0.922,0.535,6,-8.171,0,0.0484,0.144,0.271,0.552,0.382,123.972,4
False,85,0.817,0.74,11,-4.566,0,0.283,0.266,0,0.0992,0.674,130.04,4
False,72,0.774,0.792,9,-4.019,0,0.224,0.00427,1.15e-06,0.283,0.505,98.1,4
False,64,0.825,0.453,4,-7.429,0,0.227,0.127,3.82e-06,0.0838,0.496,99.974,4
False,74,0.827,0.697,11,-4.368,0,0.142,0.122,0,0.044,0.836,118.083,4
False,92,0.635,0.902,0,-3.559,1,0.109,0.172,0,0.125,0.286,102.063,4
True,54,0.792,0.435,5,-8.903,0,0.076,0.373,0,0.1,0.451,124.005,4
True,55,0.739,0.485,4,-5.858,0,0.0526,0.194,0,0.0673,0.4,92.489,4
False,77,0.832,0.698,5,-6.215,1,0.244,0.117,0,0.113,0.559,97.985,4
False,76,0.658,0.748,11,-5.802,0,0.142,0.0852,0,0.0789,0.69,179.919,4
True,54,0.761,0.784,3,-5.974,0,0.0752,0.187,3.47e-05,0.104,0.342,100.036,4
True,53,0.862,0.486,3,-7.185,0,0.0578,0.0568,7.14e-06,0.202,0.876,122.019,4
False,67,0.838,0.706,7,-7.626,0,0.067,0.303,0.863,0.0712,0.776,118.017,4
False,72,0.646,0.648,3,-8.602,1,0.0372,0.71,0.00316,0.108,0.466,75.004,4
False,92,0.816,0.726,5,-3.998,0,0.129,0.099,0,0.372,0.65,136.048,4
False,71,0.76,0.888,6,-3.449,1,0.124,0.00307,1.49e-05,0.149,0.559,115.705,4
False,71,0.764,0.683,7,-7.353,0,0.0467,0.104,1.37e-05,0.108,0.574,121.979,4
True,60,0.538,0.587,11,-6.891,0,0.365,0.525,0,0.193,0.807,148.438,3
True,54,0.79,0.732,1,-3.599,1,0.0844,0.609,2.87e-05,0.118,0.785,109.974,4
True,56,0.734,0.693,6,-5.625,0,0.0399,0.564,2.55e-05,0.407,0.844,107.933,4
False,66,0.831,0.719,10,-5.427,0,0.0545,0.318,0.000663,0.107,0.329,115.056,4
True,59,0.818,0.858,11,-3.939,0,0.0833,0.201,0,0.272,0.774,105.964,4
False,74,0.596,0.557,1,-7.522,0,0.134,0.0983,0,0.0565,0.661,133.247,5
False,81,0.709,0.857,9,-3.394,1,0.0881,0.00219,0,0.103,0.446,126.038,4
False,81,0.701,0.512,0,-6.869,0,0.0969,0.235,5.07e-06,0.135,0.663,91.947,4
False,67,0.841,0.644,9,-3.284,0,0.083,0.594,0.00402,0.142,0.881,108.003,4
True,15,0.494,0.829,0,-3.339,1,0.301,0.175,0,0.37,0.746,203.532,4
False,69,0.502,0.873,0,-5.175,0,0.241,0.0712,0,0.0702,0.384,81.282,4
False,89,0.552,0.76,0,-4.706,1,0.342,0.0733,0,0.0865,0.639,135.702,5
True,52,0.712,0.696,1,-4.778,0,0.303,0.323,0.000431,0.107,0.564,183.982,4
False,82,0.671,0.859,4,-3.922,0,0.0833,0.0323,0,0.267,0.389,139.931,4
True,6,0.601,0.681,9,-5.171,1,0.324,0.58,0,0.0934,0.546,98.078,4
False,81,0.866,0.859,1,-3.087,0,0.0587,0.138,0,0.401,0.923,109.972,4
True,32,0.693,0.728,8,-5.205,1,0.038,0.214,1.44e-06,0.126,0.266,106.98,4
True,54,0.7,0.913,7,-2.467,1,0.0617,0.0559,0,0.353,0.755,94.009,4
True,57,0.814,0.666,6,-6.555,1,0.0635,0.488,4.23e-05,0.108,0.714,94.02,4
False,77,0.798,0.175,0,-12.603,1,0.0594,0.603,0,0.625,0.633,93.994,4
True,8,0.74,0.622,1,-5.492,0,0.0306,0.71,0.000122,0.18,0.759,93.985,4
False,67,0.634,0.516,8,-6.05,1,0.0373,0.4,0,0.142,0.769,153.831,4
True,37,0.667,0.716,7,-5.693,1,0.0478,0.00236,2.09e-06,0.0421,0.44,122.976,4
False,71,0.477,0.128,2,-14.567,1,0.0707,0.928,0,0.0875,0.38,88.917,4
False,72,0.516,0.56,6,-7.116,0,0.486,0.0322,0,0.15,0.696,98.94,4
False,68,0.487,0.458,4,-7.761,0,0.0371,0.552,0.0257,0.117,0.207,115.989,4
False,82,0.649,0.548,1,-5.692,0,0.0318,0.733,0,0.136,0.506,150.036,4
False,62,0.773,0.75,0,-3.889,0,0.0502,0.00431,0.000362,0.437,0.77,120.988,4
False,83,0.74,0.669,0,-5.199,1,0.0373,0.0445,0,0.184,0.536,122.007,4
True,55,0.604,0.61,9,-6.337,0,0.0504,0.196,0,0.315,0.648,165.926,4
True,59,0.442,0.843,11,-4.75,0,0.0427,0.0302,0,0.0708,0.493,97.969,4
False,72,0.517,0.776,11,-5.271,1,0.0362,0.0144,0,0.113,0.448,96.002,4
False,70,0.362,0.377,2,-9.713,1,0.0339,0.732,0.000631,0.127,0.294,137.891,4
True,51,0.549,0.371,2,-9.56,1,0.0378,0.97,0.132,0.639,0.13,87.024,3
False,78,0.583,0.662,0,-6.025,1,0.156,0.00541,1.96e-06,0.284,0.636,150.305,4
False,73,0.661,0.684,6,-6.611,1,0.0512,0.121,0.00503,0.157,0.371,125.06,4
False,63,0.708,0.591,11,-5.825,1,0.0348,0.415,0,0.117,0.618,120.976,4
True,57,0.661,0.575,5,-8.592,0,0.0693,0.0917,0.000573,0.127,0.447,123.993,4
True,61,0.467,0.37,3,-8.901,0,0.0319,0.87,6.59e-06,0.119,0.197,148.74,4
False,71,0.799,0.373,7,-8.999,1,0.0558,0.259,0,0.166,0.534,98.035,4
False,70,0.711,0.517,11,-7.695,1,0.0391,0.154,0,0.149,0.294,119.945,4
True,61,0.549,0.664,8,-4.942,0,0.0451,0.316,0,0.101,0.307,155.745,4
True,46,0.567,0.566,1,-8.285,1,0.0573,0.423,1.64e-05,0.154,0.335,132.955,4
True,55,0.481,0.654,5,-6.882,1,0.039,0.337,0.000132,0.131,0.325,147.662,4
False,78,0.474,0.594,11,-5.756,1,0.0289,0.0292,0,0.133,0.503,86.131,4
False,90,0.448,0.612,2,-6.106,1,0.0708,0.216,0,0.08,0.213,97.773,4
True,34,0.446,0.527,2,-6.224,1,0.0347,0.127,0,0.113,0.331,69.657,4
True,56,0.478,0.676,11,-6.155,0,0.0708,0.00825,0,0.0583,0.416,148.039,4
False,68,0.585,0.82,2,-3.212,1,0.0734,0.154,6.65e-06,0.0868,0.621,174.041,4
False,67,0.627,0.715,1,-5.019,1,0.0329,0.127,0,0.0768,0.481,115.005,4
False,72,0.42,0.843,9,-4.231,0,0.121,0.0519,0,0.106,0.491,173.827,3
True,48,0.58,0.795,4,-5.123,0,0.036,0.00287,0.000202,0.134,0.27,126.013,4
True,54,0.753,0.679,5,-4.792,1,0.0569,0.139,0,0.148,0.688,117.961,4
False,75,0.654,0.579,10,-5.561,0,0.0728,0.701,0,0.305,0.854,173.094,4
True,54,0.63,0.677,9,-6.371,1,0.0858,0.0167,0,0.0631,0.647,140.034,4
False,71,0.417,0.673,6,-7.719,1,0.0497,0.199,0,0.128,0.314,108.994,4
False,69,0.392,0.423,7,-7.813,1,0.0348,0.27,0,0.117,0.288,113.537,4
True,59,0.752,0.613,9,-8.1,0,0.0283,0.0947,0.000357,0.0955,0.543,93.027,4
True,40,0.549,0.63,2,-6.684,1,0.0689,0.0791,0.00479,0.294,0.12,123.961,4
False,71,0.733,0.589,2,-5.303,1,0.0381,0.414,1.04e-06,0.14,0.651,91.003,4
False,75,0.437,0.719,6,-4.569,0,0.0376,0.00697,3.86e-05,0.0765,0.284,169.976,4
False,83,0.749,0.723,1,-6.609,1,0.0432,0.0563,0.022,0.0977,0.674,108.999,4
False,81,0.665,0.424,0,-7.838,1,0.0444,0.437,0,0.107,0.134,129.911,4
False,76,0.618,0.837,1,-5.338,1,0.0304,0.000254,0.000378,0.0618,0.526,121.227,4
True,58,0.656,0.935,11,-2.476,1,0.0461,0.0205,0.00075,0.0731,0.916,120.011,4
False,80,0.45,0.335,7,-7.464,1,0.0298,0.785,1.25e-06,0.0979,0.25,109.908,4
False,69,0.551,0.44,10,-8.559,1,0.0985,0.606,3.02e-05,0.11,0.341,167.923,4
True,50,0.573,0.511,3,-9.042,1,0.0581,0.416,1.72e-05,0.166,0.287,100.135,4
True,56,0.454,0.66,0,-4.357,1,0.168,0.0364,0,0.181,0.568,184.353,4
False,81,0.745,0.356,1,-10.425,1,0.0941,0.172,0.00943,0.123,0.607,160.033,4
False,81,0.653,0.816,2,-4.353,1,0.167,0.228,0,0.0967,0.816,178.086,4
False,85,0.908,0.621,1,-6.638,0,0.102,0.000282,5.39e-05,0.0958,0.421,150.011,4
False,63,0.594,0.721,2,-7.812,1,0.0957,0.0209,8.55e-06,0.0879,0.253,128.942,4
False,79,0.818,0.803,1,-4.282,1,0.0797,0.034,0,0.153,0.632,106.97,4
False,84,0.62,0.574,5,-7.788,0,0.0479,0.57,0,0.19,0.352,100.021,4
False,67,0.799,0.436,1,-9.975,0,0.379,0.283,0.000105,0.0968,0.311,80.028,4
True,20,0.732,0.75,11,-6.366,0,0.231,0.00264,0,0.109,0.401,155.096,4
False,75,0.728,0.415,8,-6.852,1,0.0639,0.401,0,0.0616,0.455,114.145,4
False,79,0.795,0.594,0,-6.2,1,0.0747,0.111,0,0.162,0.409,135.002,4
True,6,0.811,0.596,11,-5.428,1,0.0621,0.00755,1.15e-05,0.0588,0.673,130.03,4
False,71,0.565,0.381,10,-7.204,1,0.0302,0.48,0,0.109,0.325,73.483,4
False,79,0.489,0.588,1,-6.177,1,0.0507,0.0285,2.11e-06,0.0906,0.187,113.617,4
False,79,0.825,0.652,1,-3.183,0,0.0802,0.581,0,0.0931,0.931,95.977,4
True,22,0.604,0.826,0,-4.804,1,0.0434,0.00782,0.15,0.154,0.241,167.985,4
False,83,0.801,0.795,1,-5.115,0,0.0504,0.0417,0.000113,0.0717,0.754,79.028,4
True,53,0.686,0.698,4,-5.142,1,0.0642,0.139,0,0.134,0.963,93.972,4
True,42,0.34,0.226,8,-12.007,1,0.0301,0.903,0.000158,0.124,0.223,139.28,3
True,31,0.554,0.306,1,-8.856,1,0.0468,0.623,0,0.106,0.602,141.577,4
True,32,0.466,0.548,0,-7.582,1,0.263,0.872,0,0.233,0.305,135.679,4
True,33,0.246,0.702,2,-4.823,1,0.0566,0.401,0,0.848,0.351,73.151,4
False,66,0.626,0.822,6,-5.501,1,0.0434,0.0164,0.000296,0.139,0.374,97.003,4
False,73,0.527,0.366,10,-10.943,1,0.0277,0.487,0.0023,0.11,0.234,98.994,4
True,19,0.772,0.78,10,-4.288,0,0.108,0.0512,0,0.119,0.719,124.988,4
False,74,0.576,0.39,10,-7.202,1,0.0297,0.491,0,0.111,0.319,73.433,4
False,82,0.624,0.876,9,-3.374,1,0.1,0.0735,0,0.327,0.781,99.943,4
True,55,0.561,0.565,1,-12.374,1,0.0373,0.763,0.948,0.166,0.0392,122.072,4
True,57,0.706,0.74,6,-7.904,1,0.0325,0.0245,0.512,0.135,0.444,122.007,3
False,65,0.788,0.472,0,-9.021,1,0.0475,0.003,0.0322,0.59,0.257,130.084,4
True,32,0.354,0.561,2,-13.781,1,0.0407,0.2,0.815,0.125,0.306,149.9,4
False,73,0.625,0.763,8,-4.997,0,0.129,0.147,0.0106,0.214,0.721,88.753,4
True,52,0.558,0.733,8,-6.65,1,0.0693,0.0334,0.00193,0.193,0.173,89.992,4
False,62,0.698,0.555,8,-6.436,1,0.0328,0.361,0.00684,0.103,0.471,101.964,4
True,56,0.468,0.977,8,-4.198,1,0.0645,4.99e-06,0.0213,0.0543,0.493,134.996,4
True,58,0.13,0.991,11,-3.126,1,0.0604,1.15e-05,0.00412,0.225,0.505,185.364,4
True,57,0.461,0.892,6,-4.807,0,0.0901,0.00187,1.34e-06,0.0942,0.35,137.35,4
True,57,0.474,0.843,0,-5.909,1,0.272,0.0102,0.104,0.362,0.433,97.691,4
True,61,0.444,0.939,6,-5.027,1,0.0403,0.000611,0.00986,0.0453,0.686,150.084,4
True,61,0.674,0.327,4,-16.986,0,0.0574,0.613,0.199,0.0756,0.494,108.995,4
True,54,0.427,0.62,5,-7.768,0,0.0332,0.276,0,0.125,0.328,145.658,4
False,65,0.359,0.893,4,-8.036,0,0.0665,3.4e-05,0.0955,0.751,0.185,136.115,4
False,64,0.378,0.925,9,-3.781,1,0.185,0.0234,0.00062,0.18,0.584,108.525,4
False,67,0.548,0.865,0,-5.325,1,0.0302,0.00171,0.000449,0.457,0.61,116.046,4
False,65,0.77,0.655,2,-5.369,1,0.0316,0.118,0.0234,0.125,0.639,129.964,4
True,39,0.454,0.945,9,-6.925,0,0.0975,0.000363,0.323,0.108,0.215,134.945,4
True,46,0.306,0.883,7,-4.205,1,0.0855,1.21e-05,0.774,0.185,0.43,81.188,4
True,0,0.228,0.98,1,-5.313,1,0.11,2.01e-06,0.833,0.289,0.364,129.939,1
True,40,0.397,0.992,1,-1.271,0,0.304,0.000462,0,0.322,0.301,102.092,4
True,54,0.188,0.974,6,-5.207,1,0.268,1.27e-05,0.0157,0.0953,0.0561,141.161,4
True,51,0.341,0.954,7,-4.745,0,0.082,1.24e-05,0.0234,0.0308,0.23,161.858,3
False,67,0.383,0.621,6,-5.878,0,0.113,0.0272,0,0.427,0.213,80.051,4
True,61,0.58,0.622,5,-12.005,1,0.0352,0.0192,0.653,0.648,0.781,169.442,4
True,49,0.399,0.443,5,-9.168,1,0.0272,0.848,0.000406,0.0899,0.265,139.643,4
True,61,0.596,0.912,0,-6.74,0,0.211,0.156,0.794,0.584,0.371,110.013,4
False,66,0.556,0.45,5,-11.874,1,0.0338,0.0105,0.0483,0.0707,0.25,117.99,3
False,75,0.487,0.366,8,-9.405,0,0.0531,0.241,0,0.126,0.161,68.191,5
False,78,0.658,0.294,4,-8.533,0,0.0321,0.422,5.2e-05,0.0749,0.358,74.038,4
True,51,0.633,0.566,9,-5.225,1,0.272,0.581,0,0.0898,0.472,100.342,4
True,49,0.641,0.403,6,-12.506,1,0.214,0.652,0,0.14,0.599,169.596,4
True,37,0.318,0.655,10,-7.909,0,0.173,0.18,0,0.196,0.761,81.031,4
False,78,0.77,0.567,2,-5.698,1,0.175,0.105,0,0.125,0.26,81.477,4
False,73,0.929,0.723,11,-5.792,0,0.109,0.0672,0,0.346,0.458,125.022,4
True,48,0.577,0.619,8,-7.329,1,0.221,0.00223,2.39e-05,0.178,0.409,81.336,4
True,38,0.78,0.647,11,-6.331,0,0.164,0.0861,0,0.0873,0.551,116.976,4
False,81,0.638,0.523,1,-6.664,1,0.357,0.00454,0,0.0842,0.422,139.913,4
False,75,0.658,0.535,9,-8.983,0,0.0573,0.0265,0,0.2,0.419,110.684,4
False,78,0.927,0.665,11,-5.313,1,0.244,0.061,0,0.123,0.175,127.076,4
True,46,0.441,0.854,4,-5.509,0,0.486,0.00274,0,0.175,0.597,81.309,4
False,76,0.417,0.58,9,-4.574,1,0.207,0.0307,1.45e-06,0.179,0.139,68.58,5
False,74,0.728,0.607,1,-8.417,0,0.132,0.133,0,0.0864,0.445,129.938,4
False,72,0.706,0.485,8,-9.671,1,0.331,0.337,0,0.122,0.144,115.414,4
True,20,0.789,0.723,7,-3.521,0,0.0827,0.0701,0,0.659,0.747,124.053,4
True,25,0.669,0.788,1,-4.411,1,0.0559,0.238,0,0.313,0.761,79.002,4
False,64,0.61,0.822,0,-4.422,1,0.0355,0.0171,1.88e-06,0.093,0.437,93.993,4
True,61,0.653,0.911,0,-4.635,1,0.0439,0.0338,0.000659,0.081,0.942,152.043,4
True,60,0.514,0.836,5,-3.663,1,0.0381,0.112,0,0.0878,0.501,143.888,4
False,71,0.607,0.841,9,-3.772,0,0.0371,0.000899,0,0.34,0.505,104.978,4
False,71,0.607,0.575,8,-7.066,1,0.0252,0.133,2.52e-06,0.0566,0.504,78.341,4
True,37,0.429,0.673,9,-5.935,1,0.0297,0.0515,0.00289,0.169,0.475,148.546,4
True,40,0.742,0.212,7,-12.095,1,0.0364,0.656,2.82e-05,0.107,0.227,120.547,4
False,65,0.519,0.515,5,-9.448,1,0.031,0.61,5.66e-05,0.107,0.714,80.329,4
False,69,0.629,0.208,5,-16.225,1,0.0324,0.824,3.7e-06,0.107,0.685,96.609,4
True,28,0.611,0.882,7,-6.336,1,0.0404,0.165,0.000677,0.112,0.961,115.02,4
False,67,0.492,0.116,2,-15.15,0,0.0379,0.899,1.93e-06,0.0889,0.434,111.787,4
False,66,0.315,0.563,9,-9.671,1,0.354,0.173,0.000242,0.0673,0.147,179.484,4
False,77,0.737,0.452,0,-8.366,1,0.0534,0.0578,1.48e-05,0.187,0.096,117.962,4
False,68,0.568,0.936,6,-2.961,0,0.053,0.00497,0.0138,0.12,0.605,91.009,4
True,42,0.397,0.763,8,-4.843,0,0.183,0.287,0,0.102,0.631,141.172,3
True,21,0.414,0.4,3,-6.008,1,0.0391,0.867,0,0.117,0.343,98.145,5
True,46,0.253,0.629,6,-4.413,1,0.0552,0.0816,0,0.166,0.139,174.109,3
True,44,0.296,0.381,7,-7.986,0,0.0386,0.366,0,0.17,0.343,72.383,4
True,39,0.736,0.741,9,-4.625,1,0.0954,0.00254,0,0.119,0.359,112.02,4
True,44,0.646,0.302,7,-8.825,1,0.0298,0.711,1.01e-05,0.166,0.402,118.009,4
True,61,0.331,0.427,3,-7.431,1,0.0302,0.498,0,0.108,0.141,157.938,3
False,66,0.578,0.588,0,-4.92,0,0.255,0.415,0,0.114,0.3,79.174,5
False,72,0.383,0.637,3,-6.993,1,0.0703,0.0722,0,0.368,0.0827,177.913,4
False,66,0.54,0.557,4,-4.858,1,0.0515,0.472,0,0.308,0.426,88.954,4
False,77,0.576,0.443,4,-7.477,0,0.0754,0.00923,1.88e-06,0.124,0.452,180.08,3
False,70,0.612,0.742,5,-4.198,0,0.0519,0.0176,0.000102,0.101,0.431,122.052,4
False,65,0.62,0.906,11,-3.638,0,0.0627,0.102,0.0206,0.183,0.398,123.047,4
False,75,0.7,0.872,10,-5.896,1,0.0666,0.121,7.08e-06,0.103,0.761,125.03,4
False,74,0.783,0.465,4,-7.335,0,0.0471,0.344,0,0.0875,0.48,138.038,4
False,83,0.54,0.439,10,-8.591,1,0.115,0.635,1.93e-05,0.0993,0.371,167.908,4
False,75,0.576,0.719,11,-5.163,1,0.0397,0.156,0,0.305,0.545,94.921,4
False,79,0.89,0.624,1,-3.966,1,0.103,0.0944,5.16e-06,0.0903,0.762,116.046,4
False,86,0.81,0.353,6,-9.931,0,0.31,0.588,0,0.102,0.0727,88.031,4
False,72,0.638,0.659,10,-6.215,0,0.0627,0.0127,0,0.187,0.341,103.029,4
False,64,0.681,0.292,11,-9.599,1,0.0483,0.743,0,0.0974,0.162,64.002,4
True,50,0.719,0.703,5,-4.93,0,0.0392,0.032,1.14e-05,0.0656,0.72,101.984,4
False,74,0.685,0.638,6,-6.539,1,0.0367,0.0371,0,0.0987,0.414,123.442,4
False,86,0.566,0.769,7,-4.342,1,0.0872,0.0183,0,0.108,0.385,170.036,4
True,52,0.515,0.463,2,-7.456,1,0.101,0.133,0,0.0954,0.41,163.458,4
False,68,0.501,0.405,1,-5.679,1,0.0319,0.751,0,0.105,0.446,109.891,4
True,58,0.625,0.576,8,-5.812,1,0.036,0.217,2.85e-06,0.0897,0.297,121.915,4
False,79,0.497,0.77,6,-4.298,1,0.0757,0.0472,0,0.102,0.47,167.892,4
False,85,0.736,0.67,10,-6.702,1,0.311,0.186,0,0.114,0.845,130.032,4
False,81,0.885,0.543,2,-6.338,1,0.2,0.0311,0,0.154,0.43,99.026,4
False,69,0.559,0.754,6,-5.344,0,0.0481,0.00184,0.000462,0.0366,0.438,85.993,4
False,71,0.711,0.724,7,-4.809,1,0.106,0.0835,0,0.0389,0.478,104.048,4
False,79,0.792,0.768,4,-5.074,0,0.107,0.046,3.39e-06,0.067,0.295,89.917,4
False,80,0.695,0.639,7,-6.897,0,0.153,0.107,0.000657,0.118,0.344,90.027,4
False,81,0.755,0.74,0,-5.354,0,0.04,0.356,1.05e-05,0.0994,0.33,116.946,4
False,64,0.571,0.563,5,-5.798,0,0.0385,0.134,0,0.0992,0.307,86.022,4
False,64,0.708,0.683,2,-5.249,0,0.0917,0.204,0,0.158,0.651,108.039,4
False,74,0.893,0.482,0,-4.779,0,0.0873,0.549,0.0164,0.0752,0.53,97.975,4
True,61,0.376,0.591,4,-6.768,1,0.129,0.00745,0,0.0866,0.367,95.709,4
False,77,0.532,0.639,5,-7.419,0,0.0388,0.0507,0.00131,0.106,0.198,105.0,4
False,75,0.604,0.546,8,-5.691,1,0.151,0.0889,0,0.0734,0.402,179.847,4
False,66,0.592,0.588,10,-4.889,1,0.0405,0.118,0,0.138,0.336,81.997,4
False,62,0.689,0.412,7,-7.523,0,0.0301,0.488,0.00016,0.0659,0.537,126.754,4
False,75,0.399,0.591,6,-8.792,0,0.052,0.44,0.0616,0.446,0.175,79.892,3
False,77,0.603,0.554,2,-4.381,1,0.0646,0.452,0,0.0545,0.354,111.989,4
False,75,0.262,0.789,10,-4.548,1,0.123,0.00422,0,0.325,0.487,171.009,3
False,75,0.402,0.75,0,-6.607,1,0.0567,0.0125,0.00192,0.396,0.502,146.223,4
False,68,0.745,0.719,11,-4.291,1,0.19,0.0352,0,0.0639,0.611,99.962,4
False,76,0.638,0.679,4,-5.278,1,0.0425,0.0016,0.00655,0.121,0.596,81.045,4
False,72,0.782,0.651,6,-4.889,0,0.117,0.0601,0,0.0907,0.65,122.028,4
False,72,0.739,0.621,11,-6.929,0,0.238,0.049,0.00369,0.0718,0.462,85.969,4
True,61,0.579,0.472,2,-10.051,0,0.337,0.61,1.66e-05,0.103,0.219,134.977,4
False,80,0.409,0.137,6,-9.169,1,0.0446,0.928,0,0.0706,0.106,162.08,1
False,88,0.792,0.743,7,-2.806,1,0.0851,0.107,0,0.183,0.742,150.024,4
False,65,0.774,0.619,8,-6.183,1,0.0641,0.279,3.31e-06,0.194,0.866,87.02,4
False,67,0.734,0.76,11,-5.267,0,0.0415,0.0232,0,0.127,0.685,122.072,4
False,75,0.752,0.514,0,-6.108,1,0.0513,0.201,0,0.0951,0.767,109.795,3
False,62,0.747,0.586,5,-5.774,1,0.0491,0.451,0,0.252,0.783,91.995,4
False,70,0.615,0.698,6,-3.212,1,0.0485,0.0812,1.17e-06,0.18,0.437,80.024,4
False,81,0.559,0.422,11,-11.89,1,0.195,0.701,1.99e-06,0.0853,0.191,74.002,4
False,66,0.586,0.661,7,-6.585,0,0.0432,0.056,1.3e-06,0.104,0.268,114.917,4
False,74,0.73,0.934,4,-3.995,1,0.078,0.168,2.56e-05,0.142,0.758,122.018,4
False,72,0.667,0.478,2,-5.345,1,0.0316,0.2,0,0.0927,0.337,113.502,4
False,72,0.656,0.542,7,-7.358,1,0.323,0.0484,0,0.106,0.551,166.11,4
False,87,0.786,0.764,11,-2.935,1,0.0798,0.122,0,0.102,0.913,90.979,4
False,82,0.553,0.502,0,-5.972,1,0.0409,0.299,0,0.764,0.296,129.976,4
False,70,0.571,0.873,0,-3.382,0,0.0997,0.0807,0,0.361,0.613,139.691,4
False,74,0.454,0.708,10,-4.526,0,0.0675,0.00124,0.000181,0.0679,0.483,192.18,4
True,58,0.571,0.697,7,-5.467,1,0.081,0.0523,0,0.277,0.358,175.962,4
True,58,0.774,0.847,5,-3.925,0,0.121,0.0279,0.0183,0.241,0.923,143.011,4
False,65,0.636,0.873,0,-4.672,0,0.071,0.0407,1.27e-06,0.0372,0.908,165.071,4
False,70,0.918,0.918,10,-2.218,0,0.0954,0.344,5.35e-06,0.0243,0.882,110.024,4
True,26,0.633,0.976,8,-5.362,1,0.0519,0.00281,1.29e-05,0.382,0.493,142.027,4
True,60,0.568,0.761,4,-3.987,1,0.0459,0.452,0,0.217,0.789,163.974,4
False,68,0.752,0.775,9,-7.289,1,0.0546,0.0324,0,0.351,0.595,122.014,4
False,75,0.751,0.834,1,-5.444,0,0.0437,0.3,1.77e-05,0.355,0.894,95.053,4
False,78,0.499,0.824,7,-4.741,1,0.0794,0.00898,0,0.163,0.699,161.977,4
True,48,0.594,0.786,7,-6.968,1,0.035,0.00942,2.85e-06,0.187,0.786,167.16,4
True,30,0.543,0.87,9,-6.514,1,0.0428,0.358,0.000939,0.792,0.754,100.804,4
True,56,0.886,0.474,1,-8.045,0,0.274,0.0216,0,0.088,0.825,150.068,4
True,47,0.497,0.857,0,-3.313,1,0.0649,0.0622,0,0.0495,0.619,167.142,4
True,30,0.683,0.687,6,-5.833,0,0.0274,0.24,0,0.131,0.502,99.035,4
True,49,0.725,0.838,5,-9.063,1,0.0355,0.18,2.36e-06,0.112,0.746,131.478,4
True,23,0.748,0.771,2,-7.01,1,0.0318,0.28,0.000333,0.466,0.782,137.543,4
False,70,0.814,0.373,7,-8.017,1,0.116,0.602,1.75e-05,0.0931,0.632,114.55,4
False,80,0.743,0.675,8,-4.267,0,0.0953,0.0251,0.000717,0.0685,0.59,92.909,4
True,61,0.699,0.76,5,-3.173,1,0.0677,0.00223,0,0.132,0.696,129.996,4
False,76,0.706,0.801,5,-6.333,1,0.0399,0.00577,0,0.0822,0.63,100.013,4
True,50,0.855,0.926,11,-5.58,0,0.136,0.0416,0.00716,0.292,0.832,130.995,4
False,68,0.851,0.849,1,-3.383,0,0.0828,0.497,2.05e-06,0.116,0.844,120.014,4
False,71,0.61,0.926,8,-4.843,0,0.0479,0.031,0.0012,0.0821,0.861,172.638,4
False,68,0.453,0.942,10,-4.256,1,0.0466,0.0004,2.65e-06,0.667,0.457,143.85,4
True,13,0.58,0.953,5,-3.856,1,0.0614,0.00261,0,0.218,0.673,103.041,4
False,76,0.647,0.729,5,-6.251,1,0.0236,0.0206,0.0489,0.134,0.687,94.01,4
False,66,0.487,0.9,0,-4.417,1,0.0482,6.79e-05,0,0.358,0.484,149.937,4
False,79,0.578,0.866,1,-3.804,1,0.0619,0.00701,0,0.257,0.619,128.038,4
False,79,0.388,0.338,10,-10.054,1,0.0328,0.652,3.72e-06,0.248,0.477,177.784,4
True,23,0.773,0.641,0,-10.375,1,0.0421,0.0154,0.00104,0.302,0.66,116.287,4
False,71,0.852,0.604,0,-4.569,1,0.0642,0.0503,0,0.327,0.667,94.762,4
True,25,0.41,0.874,0,-4.286,1,0.0907,0.197,0,0.0843,0.824,107.08,4
True,12,0.546,0.254,11,-10.545,1,0.0279,0.365,0.000862,0.262,0.59,63.978,4
False,70,0.743,0.807,1,-3.78,1,0.0364,0.0435,0,0.309,0.899,144.062,4
False,74,0.566,0.713,6,-4.25,1,0.0417,0.645,0,0.114,0.807,169.864,4
False,74,0.692,0.488,11,-7.282,0,0.104,0.688,0,0.4,0.51,81.4,4
True,59,0.607,0.878,4,-4.422,1,0.0665,0.000246,0,0.337,0.853,119.955,4
False,78,0.255,0.43,9,-12.564,1,0.0322,0.546,1.87e-05,0.188,0.546,164.267,4
False,64,0.925,0.748,11,-5.572,0,0.278,0.0484,0,0.101,0.615,92.978,4
False,73,0.774,0.75,11,-4.927,0,0.0413,0.0021,1.85e-05,0.0808,0.925,118.015,4
True,23,0.744,0.495,10,-9.615,1,0.0402,0.0162,0.00825,0.177,0.53,119.541,4
True,21,0.673,0.901,2,-2.379,1,0.0348,0.0525,0.000535,0.0736,0.503,100.002,4
True,54,0.624,0.28,2,-10.415,1,0.029,0.861,1.51e-06,0.116,0.288,105.087,4
False,70,0.585,0.776,5,-5.898,1,0.0459,0.0572,7.74e-06,0.3,0.427,77.987,4
True,61,0.743,0.774,0,-5.916,1,0.0941,0.256,5.03e-05,0.155,0.833,106.564,4
False,62,0.549,0.563,4,-6.655,1,0.0669,0.279,0,0.215,0.81,163.991,4
False,67,0.727,0.832,2,-5.851,1,0.05,0.164,0,0.105,0.822,131.703,4
False,76,0.701,0.943,4,-2.986,1,0.0456,0.0747,0,0.601,0.791,128.992,4
False,78,0.33,0.936,1,-3.66,1,0.0917,0.00108,0,0.0926,0.234,148.112,4
True,59,0.678,0.847,0,-5.825,1,0.0519,0.0219,0.0329,0.373,0.601,122.287,4
True,19,0.675,0.895,4,-4.904,1,0.0484,0.319,0,0.369,0.824,108.093,4
False,85,0.559,0.868,5,-5.276,1,0.17,0.0475,0.000176,0.776,0.609,156.295,4
False,76,0.414,0.161,7,-22.32,0,0.0318,0.883,0.000223,0.117,0.423,159.375,4
False,67,0.881,0.774,1,-6.068,1,0.0439,0.00986,0.0346,0.206,0.759,112.968,4
False,65,0.543,0.529,7,-9.717,1,0.0301,0.326,0.00269,0.709,0.746,85.126,4
True,1,0.495,0.579,9,-7.474,1,0.158,0.00097,0,0.299,0.22,104.267,5
False,62,0.541,0.608,7,-13.083,1,0.106,0.298,0,0.234,0.938,171.992,4
False,76,0.414,0.428,0,-11.097,1,0.0278,0.382,0.000243,0.148,0.282,145.075,4
False,69,0.834,0.496,0,-13.653,1,0.0597,0.501,3.07e-06,0.0449,0.944,138.791,4
False,80,0.768,0.864,11,-6.145,1,0.0324,0.101,0,0.162,0.891,110.008,4
True,59,0.755,0.785,6,-10.942,1,0.0622,0.0302,0,0.0541,0.763,126.445,4
True,51,0.864,0.908,2,-3.23,1,0.0392,0.297,0.757,0.0638,0.801,138.066,4
False,77,0.759,0.699,0,-5.745,0,0.0307,0.202,0.000131,0.443,0.907,92.96,4
True,56,0.781,0.599,7,-6.501,1,0.0436,0.0109,1.12e-06,0.109,0.608,120.053,4
True,49,0.787,0.904,8,-4.483,1,0.0674,0.00836,0.00104,0.0803,0.954,110.029,4
True,53,0.695,0.976,8,-6.982,1,0.0428,0.0262,2.41e-05,0.182,0.937,113.357,4
True,12,0.527,0.834,1,-5.531,1,0.0447,0.00107,0.000102,0.0993,0.422,110.065,4
False,65,0.556,0.993,1,-5.067,1,0.0464,0.0105,0.0341,0.403,0.702,124.016,4
False,70,0.866,0.749,2,-3.977,1,0.253,0.15,0,0.0591,0.891,92.077,4
False,69,0.598,0.673,2,-10.431,1,0.0693,0.0422,6.84e-05,0.289,0.59,102.035,4
False,73,0.766,0.873,11,-6.381,0,0.143,0.00627,0,0.0764,0.743,126.988,4
False,66,0.616,0.91,0,-3.004,1,0.0386,0.0459,0,0.343,0.693,144.073,4
False,66,0.56,0.825,11,-3.794,1,0.0352,0.314,0,0.227,0.339,94.931,4
True,23,0.612,0.738,0,-6.648,1,0.0479,0.192,0,0.0779,0.883,81.327,4
True,26,0.546,0.895,9,-7.189,1,0.0579,0.0819,1.42e-05,0.0768,0.494,174.089,4
True,47,0.421,0.36,4,-8.872,1,0.0297,0.723,0,0.194,0.0387,99.414,1
False,65,0.824,0.684,10,-7.354,0,0.0935,0.00278,1.45e-06,0.0481,0.87,101.152,4
False,67,0.677,0.682,9,-6.879,1,0.0361,0.0405,0,0.0351,0.875,106.279,4
False,62,0.708,0.815,8,-4.044,1,0.25,0.107,0,0.326,0.657,86.493,4
True,52,0.735,0.58,4,-7.555,0,0.115,0.368,0,0.0671,0.525,83.447,4
True,49,0.911,0.735,9,-6.38,1,0.0569,0.000175,0.000999,0.087,0.935,132.573,4
True,61,0.667,0.753,10,-3.035,1,0.0336,0.475,0,0.0915,0.699,124.979,4
False,72,0.715,0.833,2,-5.379,1,0.108,0.00631,0,0.164,0.612,95.487,4
True,30,0.703,0.826,10,-7.179,0,0.0341,0.0322,0.00629,0.179,0.945,103.564,4
False,63,0.844,0.754,6,-5.46,1,0.207,0.00833,3.42e-06,0.0575,0.961,100.002,4
True,59,0.939,0.72,0,-5.565,1,0.216,0.0816,0,0.147,0.786,96.918,4
True,47,0.583,0.667,3,-7.351,1,0.029,0.27,3.64e-05,0.167,0.53,140.028,4
True,54,0.266,0.389,4,-13.682,1,0.0305,0.244,1.42e-06,0.0688,0.148,140.243,4
False,75,0.574,0.629,2,-8.815,0,0.0363,0.128,0,0.271,0.786,153.119,4
False,63,0.756,0.691,2,-3.718,1,0.178,0.0744,0,0.364,0.632,104.999,4
False,63,0.453,0.788,7,-5.712,1,0.0326,0.00283,0.000119,0.441,0.793,126.737,4
False,67,0.799,0.63,0,-9.279,1,0.0748,0.0159,0,0.453,0.772,103.647,4
True,61,0.862,0.663,0,-9.004,1,0.21,0.12,0,0.318,0.837,85.308,4
False,65,0.785,0.905,8,-7.929,1,0.0449,0.00803,0.859,0.046,0.969,136.018,4
False,67,0.632,0.858,10,-3.463,1,0.035,0.0624,0,0.347,0.872,119.397,4
True,52,0.61,0.497,9,-9.88,1,0.0279,0.32,6.11e-05,0.0884,0.739,85.031,4
False,72,0.537,0.959,0,-3.002,0,0.0557,0.0704,1.8e-06,0.382,0.828,122.806,4
False,68,0.872,0.673,2,-6.879,1,0.108,0.00802,0,0.155,0.527,162.781,4
False,65,0.583,0.7,2,-4.969,0,0.211,0.4,0,0.183,0.553,103.072,4
False,68,0.822,0.575,6,-4.587,0,0.0464,0.0182,4.45e-05,0.109,0.286,110.028,4
False,68,0.466,0.659,2,-6.077,1,0.115,0.00282,0,0.273,0.36,186.169,4
False,72,0.867,0.545,2,-5.192,1,0.0625,0.0646,0.000289,0.0505,0.525,139.943,4
True,34,0.704,0.633,11,-6.923,0,0.241,0.0214,0,0.29,0.863,144.021,4
True,52,0.511,0.794,1,-3.854,0,0.268,0.246,0,0.161,0.625,119.791,5
False,84,0.663,0.708,8,-4.154,1,0.0473,0.0337,0,0.0841,0.742,103.073,4
False,86,0.63,0.694,11,-6.257,0,0.0253,0.00281,0,0.0719,0.216,97.005,4
False,65,0.736,0.593,7,-4.677,1,0.04,0.38,0,0.204,0.607,92.068,4
False,71,0.439,0.447,10,-8.318,0,0.0436,0.111,0,0.303,0.11,121.48,4
True,29,0.755,0.57,9,-7.132,1,0.0888,0.0416,0,0.0891,0.406,102.991,4
False,65,0.505,0.408,7,-5.572,1,0.168,0.669,0,0.0983,0.192,171.66,3
False,73,0.654,0.796,2,-4.761,0,0.122,0.0188,0,0.0948,0.491,108.854,4
False,69,0.426,0.476,2,-6.64,1,0.0741,0.185,0,0.327,0.169,179.793,4
True,9,0.726,0.576,0,-7.341,1,0.146,0.085,0,0.0458,0.783,82.055,4
False,79,0.675,0.751,0,-3.539,1,0.0296,0.0604,0,0.0893,0.612,118.384,4
True,33,0.648,0.738,6,-5.883,0,0.247,0.0408,0,0.292,0.603,159.145,4
False,67,0.632,0.638,7,-6.731,1,0.0505,0.137,0,0.125,0.574,121.868,3
False,70,0.588,0.471,0,-7.287,1,0.0577,0.592,0.00146,0.0733,0.209,152.881,4
False,68,0.716,0.73,6,-4.126,0,0.0364,0.058,7.32e-06,0.151,0.339,136.05,4
False,75,0.731,0.58,10,-7.328,0,0.0399,0.223,0,0.129,0.319,119.997,4
True,4,0.671,0.609,7,-5.02,0,0.0508,0.0747,0,0.0958,0.375,120.054,4
False,76,0.401,0.398,6,-8.993,0,0.183,0.71,0,0.0962,0.265,180.293,4
False,69,0.763,0.72,9,-5.181,0,0.0691,0.00261,1.11e-05,0.114,0.592,116.01,4
True,24,0.663,0.575,6,-4.907,0,0.0458,0.1,3.16e-06,0.133,0.458,110.04,4
False,71,0.767,0.631,1,-6.762,1,0.0541,0.0997,0,0.119,0.541,100.968,4
True,17,0.616,0.765,0,-6.75,0,0.078,0.0029,0,0.149,0.343,122.916,4
False,73,0.376,0.211,4,-11.665,1,0.0364,0.797,0,0.196,0.228,94.7,3
False,71,0.773,0.595,5,-5.689,1,0.154,0.364,0,0.154,0.53,122.043,4
True,39,0.715,0.802,11,-4.647,0,0.0394,0.139,0,0.177,0.327,124.989,4
True,11,0.659,0.767,2,-3.016,1,0.261,0.12,0,0.181,0.554,181.818,4
False,85,0.697,0.683,1,-2.881,0,0.117,0.0372,0,0.137,0.603,96.133,4
False,65,0.573,0.495,8,-7.245,0,0.592,0.405,0,0.0969,0.255,179.196,3
False,72,0.671,0.314,5,-8.091,0,0.244,0.11,0,0.0825,0.296,110.898,4
False,70,0.53,0.512,8,-7.094,1,0.133,0.0162,7.04e-05,0.128,0.401,196.121,4
True,18,0.607,0.718,4,-4.095,1,0.0978,0.032,0,0.403,0.551,101.821,4
False,70,0.69,0.784,11,-4.724,1,0.056,0.01,4.08e-05,0.22,0.284,109.969,4
False,76,0.965,0.414,1,-6.408,1,0.0713,0.189,0,0.0767,0.728,121.032,4
True,2,0.596,0.475,4,-8.64,0,0.0358,0.658,0.00523,0.0956,0.0574,144.951,4
False,65,0.592,0.681,0,-5.597,1,0.141,0.362,0,0.142,0.491,147.016,4
False,71,0.674,0.593,11,-6.47,0,0.0582,0.201,0.000529,0.209,0.464,116.995,4
False,65,0.63,0.74,5,-4.786,0,0.0381,0.00589,1.53e-06,0.248,0.3,87.01,4
True,37,0.754,0.716,1,-5.141,0,0.0349,0.00606,0.000898,0.0971,0.571,99.976,4
True,24,0.774,0.739,0,-4.022,1,0.0952,0.0316,5.95e-06,0.119,0.823,126.002,4
True,59,0.606,0.889,9,-4.782,0,0.0519,0.0481,3.56e-06,0.0933,0.337,97.988,4
False,69,0.596,0.851,5,-4.245,0,0.121,0.0358,3.19e-05,0.365,0.612,202.049,4
False,67,0.688,0.723,6,-6.682,0,0.121,0.0416,0.0002,0.302,0.618,140.023,4
True,56,0.764,0.473,0,-11.084,0,0.0882,0.753,0.306,0.171,0.212,106.14,4
False,79,0.728,0.69,8,-4.344,0,0.0524,0.0164,0,0.104,0.415,94.028,4
False,67,0.73,0.718,8,-3.496,1,0.0478,0.0284,0,0.0892,0.127,135.045,4
True,61,0.803,0.585,0,-5.39,1,0.087,0.0734,2.87e-05,0.201,0.241,146.02,4
True,24,0.314,0.555,9,-9.601,1,0.37,0.157,0.000108,0.067,0.159,179.666,4
True,19,0.777,0.898,4,-4.461,1,0.0581,0.0322,0,0.313,0.866,111.996,4
True,6,0.597,0.749,3,-6.252,1,0.0768,0.00175,0.000187,0.116,0.326,130.077,4
True,1,0.772,0.658,2,-4.657,1,0.0524,0.191,4.86e-06,0.0851,0.227,139.908,4
False,68,0.595,0.608,5,-5.303,0,0.0373,0.358,0,0.0843,0.452,60.878,4
False,76,0.266,0.0596,0,-18.515,1,0.0363,0.905,7.07e-05,0.132,0.143,181.74,3
False,92,0.572,0.385,7,-6.362,1,0.0308,0.371,0,0.231,0.323,95.799,4
False,71,0.387,0.278,7,-8.454,0,0.0318,0.464,0.00527,0.102,0.0632,153.426,3
False,63,0.664,0.573,5,-6.519,1,0.0277,0.613,0.000363,0.0857,0.566,76.023,4
False,73,0.58,0.687,6,-5.4,1,0.106,0.229,0,0.109,0.187,76.014,4
True,21,0.389,0.294,8,-5.429,1,0.0277,0.977,0.00393,0.107,0.243,88.636,4
False,66,0.763,0.387,10,-8.643,0,0.0278,0.239,0.00747,0.13,0.273,109.957,4
False,68,0.711,0.299,7,-8.286,1,0.0394,0.803,0,0.116,0.577,125.068,4
True,61,0.611,0.313,4,-10.242,1,0.0339,0.835,0.000315,0.111,0.378,134.858,3
False,73,0.388,0.66,11,-7.372,1,0.0308,0.312,0.000307,0.0943,0.401,143.554,4
False,73,0.69,0.524,6,-8.39,0,0.103,0.0415,3.16e-06,0.17,0.562,164.023,4
False,66,0.507,0.408,11,-7.652,0,0.0396,0.856,0,0.102,0.53,140.038,4
False,70,0.684,0.543,3,-5.579,0,0.0281,0.365,2.07e-06,0.113,0.361,140.996,4
True,59,0.735,0.43,9,-9.532,1,0.0349,0.573,0,0.111,0.522,129.942,4
True,59,0.719,0.27,8,-10.534,1,0.0349,0.634,0,0.111,0.299,129.965,4
True,20,0.41,0.428,0,-7.927,0,0.0329,0.359,0,0.138,0.526,88.361,4
False,65,0.563,0.261,10,-9.251,1,0.0709,0.918,0,0.0982,0.411,125.129,4
True,30,0.614,0.527,10,-6.374,1,0.0302,0.597,0,0.11,0.354,121.941,4
False,68,0.563,0.26,2,-5.856,1,0.0391,0.518,0,0.146,0.616,145.561,4
True,21,0.48,0.418,11,-9.622,0,0.0312,0.505,0.00416,0.11,0.319,132.404,4
False,62,0.522,0.256,10,-11.216,1,0.0258,0.86,0.000825,0.142,0.13,76.35,4
False,62,0.629,0.451,6,-9.974,1,0.0284,0.852,0.06,0.141,0.681,90.965,4
True,59,0.59,0.233,6,-10.962,1,0.043,0.942,7.63e-05,0.11,0.597,78.178,4
False,67,0.636,0.383,11,-9.381,1,0.0434,0.585,2.24e-06,0.122,0.213,72.871,4
False,67,0.493,0.4,0,-8.117,1,0.0261,0.0425,1.47e-06,0.133,0.15,91.004,4
True,50,0.522,0.241,5,-8.966,0,0.0343,0.897,4.98e-06,0.11,0.345,133.644,3
True,59,0.643,0.436,1,-12.245,1,0.0273,0.724,0.459,0.11,0.422,91.485,4
True,55,0.483,0.49,5,-4.736,1,0.0318,0.768,1.2e-06,0.112,0.43,137.606,4
True,55,0.659,0.608,11,-8.566,1,0.0325,0.401,6.7e-06,0.117,0.393,113.952,4
False,67,0.559,0.466,5,-6.769,1,0.0362,0.315,0.0039,0.0933,0.623,117.21,4
False,65,0.826,0.345,9,-6.018,0,0.0372,0.601,0,0.121,0.508,116.072,4
True,55,0.7,0.281,9,-6.576,0,0.0356,0.75,0,0.102,0.385,74.998,4
False,74,0.545,0.485,8,-9.941,1,0.151,0.3,0.00137,0.119,0.341,80.401,4
True,59,0.624,0.214,2,-9.471,0,0.0457,0.841,0,0.701,0.3,125.149,3
False,69,0.397,0.249,5,-10.484,1,0.0394,0.926,0,0.115,0.329,79.614,4
True,50,0.415,0.11,1,-14.901,1,0.0388,0.951,0.00236,0.0962,0.234,81.876,4
True,41,0.41,0.44,10,-8.616,1,0.0307,0.662,0.0014,0.0663,0.304,98.097,4
True,53,0.612,0.365,3,-9.973,1,0.0281,0.785,0.000967,0.111,0.171,97.929,4
False,65,0.571,0.558,9,-8.553,1,0.0281,0.722,0.000331,0.116,0.283,104.991,4
False,62,0.483,0.199,2,-11.37,1,0.0586,0.947,0,0.109,0.16,78.103,4
False,66,0.684,0.341,9,-9.497,1,0.0272,0.837,2.69e-05,0.0883,0.557,75.948,4
True,46,0.338,0.721,4,-5.735,0,0.0587,0.00182,2.03e-05,0.349,0.381,80.774,4
True,26,0.455,0.113,1,-12.887,1,0.0466,0.896,0,0.0978,0.373,176.131,4
True,15,0.592,0.206,0,-12.026,0,0.0274,0.904,6.09e-05,0.121,0.198,93.934,4
True,53,0.587,0.608,5,-11.588,1,0.0308,0.0579,0.022,0.131,0.565,94.479,4
True,25,0.589,0.467,6,-8.179,1,0.031,0.761,0,0.0847,0.571,165.908,4
True,28,0.598,0.343,0,-11.04,0,0.025,0.853,0.0219,0.123,0.419,103.984,4
True,52,0.571,0.313,0,-9.833,1,0.0657,0.739,0,0.113,0.163,64.531,4
False,63,0.499,0.229,11,-9.642,1,0.0361,0.822,4.59e-06,0.0914,0.239,178.461,3
True,16,0.59,0.697,1,-5.877,0,0.0291,0.269,9.86e-05,0.0881,0.497,146.059,4
True,60,0.409,0.375,9,-6.195,1,0.0336,0.887,0,0.125,0.209,128.912,4
False,62,0.665,0.274,9,-8.915,1,0.147,0.482,0,0.118,0.686,103.013,4
True,23,0.391,0.442,0,-8.076,1,0.0347,0.298,0,0.13,0.246,142.56,4
False,63,0.67,0.294,7,-8.114,1,0.0341,0.685,0,0.147,0.515,119.856,4
False,66,0.637,0.129,11,-17.082,1,0.0346,0.887,0,0.0719,0.298,125.802,4
True,48,0.655,0.127,5,-11.036,1,0.0467,0.919,0,0.105,0.436,150.407,4
False,67,0.729,0.546,7,-9.305,1,0.0285,0.547,0.00287,0.0651,0.406,119.941,4
True,28,0.88,0.245,9,-10.245,1,0.446,0.785,3.19e-05,0.0979,0.638,76.006,4
True,15,0.344,0.46,10,-9.399,1,0.0319,0.709,0,0.117,0.528,84.469,4
False,66,0.684,0.342,8,-6.09,1,0.055,0.741,0,0.0729,0.632,114.076,4
False,73,0.843,0.4,8,-5.576,0,0.103,0.49,0,0.125,0.927,100.728,4
False,70,0.209,0.412,0,-9.733,1,0.0443,0.172,0.15,0.0843,0.162,86.26,3
True,16,0.556,0.448,4,-10.921,1,0.0387,0.191,0.00116,0.383,0.125,116.292,4
False,70,0.468,0.197,4,-11.727,1,0.033,0.658,0,0.109,0.249,144.212,3
True,52,0.583,0.235,6,-10.121,1,0.0287,0.778,0,0.187,0.368,137.829,4
True,51,0.335,0.443,4,-9.565,1,0.0382,0.722,3.78e-05,0.0921,0.184,169.135,4
True,59,0.632,0.293,0,-12.507,0,0.0284,0.72,5.63e-06,0.326,0.586,103.869,4
False,70,0.5,0.213,1,-9.095,1,0.0462,0.879,7.37e-06,0.721,0.37,140.053,3
False,67,0.539,0.263,5,-11.149,1,0.0552,0.896,0,0.104,0.222,119.671,4
True,54,0.811,0.38,9,-6.235,1,0.0406,0.712,0,0.309,0.647,98.04,4
True,60,0.701,0.234,11,-10.441,1,0.0443,0.821,0,0.102,0.298,84.995,4
False,63,0.597,0.425,2,-5.513,1,0.0295,0.581,0,0.1,0.309,119.998,4
True,14,0.307,0.353,11,-9.965,0,0.0462,0.752,0,0.163,0.199,174.927,3
True,16,0.376,0.371,7,-6.58,1,0.0365,0.816,0,0.337,0.395,90.514,4
True,50,0.457,0.441,2,-9.866,1,0.0286,0.85,3.64e-05,0.115,0.654,171.758,4
True,56,0.643,0.46,4,-6.963,1,0.0272,0.303,7.61e-05,0.115,0.657,90.011,4
True,53,0.485,0.307,1,-13.129,1,0.0565,0.663,4.13e-05,0.123,0.132,80.171,4
True,50,0.573,0.206,5,-10.707,1,0.0314,0.86,1.03e-05,0.114,0.222,123.752,4
True,37,0.485,0.353,6,-11.212,0,0.0296,0.683,0.396,0.106,0.0706,114.064,4
True,59,0.604,0.261,0,-7.736,1,0.0598,0.886,0,0.142,0.361,77.245,4
True,51,0.467,0.324,1,-11.487,1,0.0309,0.761,5.73e-06,0.122,0.445,100.89,4
False,64,0.487,0.0746,10,-12.952,0,0.0327,0.952,0,0.108,0.123,106.328,4
True,51,0.73,0.286,10,-8.277,0,0.0545,0.889,0.000122,0.173,0.446,83.98,4
True,54,0.393,0.553,0,-6.719,1,0.22,0.635,0,0.676,0.164,187.673,4
True,55,0.411,0.512,9,-7.491,1,0.027,0.387,0,0.0676,0.0544,83.399,4
True,52,0.579,0.256,11,-8.306,0,0.0384,0.817,0,0.134,0.258,109.901,4
False,67,0.69,0.407,9,-7.739,1,0.0297,0.711,0,0.126,0.181,111.916,4
True,53,0.533,0.679,9,-8.346,1,0.0329,0.269,0.0199,0.112,0.21,87.995,4
True,52,0.87,0.572,6,-7.667,1,0.039,0.16,0.00282,0.0993,0.854,119.98,4
True,33,0.579,0.268,2,-5.65,1,0.0442,0.868,0,0.12,0.321,205.903,4
True,17,0.393,0.558,3,-9.429,1,0.0475,0.603,4.85e-05,0.108,0.336,112.64,4
True,54,0.556,0.592,3,-7.121,1,0.0393,0.185,0.324,0.109,0.196,138.041,4
False,65,0.728,0.253,0,-8.427,1,0.0304,0.887,1.11e-05,0.133,0.457,140.923,4
True,53,0.884,0.469,1,-9.852,0,0.0372,0.0269,0.00111,0.073,0.897,94.345,4
True,13,0.446,0.388,4,-6.201,1,0.0405,0.814,0,0.119,0.581,175.154,4
True,51,0.373,0.216,1,-11.41,1,0.0326,0.955,0.00105,0.0739,0.496,129.03,4
True,57,0.555,0.463,4,-7.994,1,0.0343,0.612,0,0.142,0.661,88.399,4
True,49,0.505,0.252,9,-10.169,1,0.0321,0.765,0,0.0829,0.393,80.83,4
False,72,0.683,0.562,0,-10.315,0,0.0605,0.086,0.279,0.12,0.149,98.027,4
True,46,0.678,0.729,8,-4.188,1,0.137,0.0658,0,0.303,0.643,99.895,4
False,80,0.449,0.597,9,-4.401,0,0.14,0.347,1.03e-05,0.197,0.505,134.598,5
True,53,0.821,0.894,11,-4.464,1,0.0532,0.175,0,0.141,0.879,121.033,4
False,62,0.612,0.54,8,-5.886,1,0.0338,0.361,5.82e-06,0.102,0.197,121.952,4
False,68,0.646,0.371,1,-8.645,0,0.0575,0.319,0,0.218,0.24,81.096,4
False,68,0.624,0.459,8,-6.035,1,0.0321,0.102,0,0.117,0.122,119.048,4
False,67,0.853,0.693,0,-4.337,1,0.0524,0.0855,7.16e-05,0.11,0.547,124.049,4
False,86,0.601,0.775,0,-4.612,1,0.0473,0.269,0,0.0883,0.483,119.964,4
True,56,0.588,0.391,9,-9.815,1,0.152,0.226,0,0.0636,0.235,134.081,4
True,49,0.524,0.627,9,-7.246,0,0.0885,0.0211,9.84e-06,0.19,0.53,195.729,4
False,74,0.625,0.6,1,-7.75,1,0.0291,0.374,0.0248,0.151,0.18,85.959,4
False,65,0.759,0.812,5,-6.972,0,0.0542,0.109,0.0117,0.327,0.753,116.009,4
False,71,0.404,0.598,2,-8.513,1,0.167,0.0996,3.29e-05,0.303,0.348,89.949,4
False,66,0.637,0.615,9,-5.395,1,0.167,0.685,8.51e-06,0.462,0.517,132.312,3
False,62,0.757,0.825,4,-3.297,0,0.076,0.0387,0.0025,0.651,0.413,125.896,4
False,63,0.611,0.809,6,-6.63,0,0.0342,0.019,0.0185,0.114,0.428,118.003,4
False,70,0.659,0.712,7,-5.61,0,0.0782,0.0729,3.04e-05,0.367,0.202,101.034,4
False,67,0.578,0.491,11,-8.544,0,0.21,0.203,0.000378,0.182,0.64,98.273,4
True,56,0.62,0.73,1,-9.659,0,0.0702,0.138,1.55e-05,0.111,0.427,120.035,4
False,74,0.768,0.796,7,-4.89,0,0.0758,0.0175,1.22e-06,0.0736,0.564,104.99,4
True,56,0.846,0.692,9,-3.303,1,0.0623,0.0459,0,0.127,0.228,123.95,4
False,81,0.597,0.751,6,-4.982,0,0.193,0.0104,0,0.0912,0.568,103.956,4
True,42,0.562,0.597,6,-5.561,1,0.201,0.0832,0,0.119,0.439,99.712,4
True,61,0.617,0.63,7,-5.657,0,0.105,0.437,0,0.144,0.822,95.332,4
True,57,0.823,0.651,11,-4.938,0,0.0466,0.0612,0,0.117,0.744,121.021,4
False,79,0.681,0.34,7,-8.617,1,0.0339,0.82,0,0.285,0.417,129.98,4
False,74,0.612,0.694,2,-7.363,1,0.0514,0.579,0,0.0914,0.564,103.031,4
False,62,0.737,0.408,5,-7.941,1,0.104,0.802,0,0.171,0.374,127.921,4
False,65,0.586,0.567,11,-8.832,1,0.0522,0.297,0,0.101,0.383,132.027,4
False,79,0.662,0.602,4,-5.369,0,0.0401,0.0529,0,0.356,0.29,133.969,3
False,71,0.771,0.685,1,-4.639,1,0.0567,0.00543,0.00157,0.0537,0.683,88.997,4
False,72,0.638,0.826,8,-4.968,1,0.0479,0.139,0,0.0803,0.649,124.072,4
False,62,0.717,0.55,10,-6.019,0,0.0521,0.0358,0.00196,0.126,0.332,96.976,4
False,64,0.964,0.605,9,-6.223,1,0.179,0.0668,7.78e-06,0.214,0.646,129.994,4
True,21,0.448,0.817,10,-4.069,0,0.386,0.128,0,0.105,0.709,83.015,4
True,52,0.704,0.409,11,-8.581,0,0.0597,0.43,0,0.109,0.495,113.863,4
True,38,0.934,0.694,11,-5.849,0,0.1,0.0963,1.21e-06,0.479,0.835,123.822,4
False,66,0.829,0.573,6,-10.316,0,0.224,0.00216,0.00432,0.612,0.803,111.848,4
True,60,0.792,0.811,10,-5.198,0,0.0367,0.00602,0.000155,0.224,0.509,108.054,4
False,74,0.606,0.763,10,-6.197,0,0.0669,0.00182,0.000159,0.116,0.309,130.018,4
False,75,0.617,0.759,0,-6.785,0,0.0677,0.0026,0,0.419,0.324,122.925,4
False,71,0.647,0.823,2,-5.231,1,0.0762,0.0598,0,0.119,0.396,99.933,4
False,71,0.858,0.678,1,-3.87,0,0.0469,0.0761,0,0.0741,0.922,117.009,4
True,55,0.598,0.685,7,-3.873,1,0.0679,0.000628,0,0.149,0.712,137.035,4
False,65,0.702,0.705,0,-6.666,1,0.0543,0.258,5.93e-06,0.0879,0.743,154.911,4
True,27,0.676,0.959,9,-5.344,0,0.0613,0.00686,1.36e-05,0.123,0.806,138.986,4
True,49,0.654,0.738,1,-5.237,1,0.0539,0.0191,3.27e-06,0.109,0.661,158.094,4
False,64,0.754,0.854,5,-3.449,0,0.0608,0.177,0,0.0808,0.8,75.002,4
True,49,0.827,0.613,8,-5.34,1,0.0621,0.366,1.25e-05,0.093,0.747,137.96,4
False,63,0.692,0.444,11,-8.385,1,0.12,0.711,0.000115,0.131,0.247,133.842,4
False,69,0.693,0.752,7,-4.599,0,0.0468,0.267,0,0.158,0.536,86.039,4
True,59,0.384,0.165,2,-9.601,1,0.0446,0.958,0,0.101,0.333,68.469,4
True,46,0.652,0.557,1,-5.714,0,0.0318,0.74,0,0.124,0.483,150.073,4
False,69,0.661,0.762,5,-4.307,1,0.0402,0.452,0,0.162,0.583,101.99,4
True,54,0.631,0.624,1,-5.504,1,0.0597,0.0718,0,0.145,0.392,179.925,4
False,64,0.547,0.462,1,-6.04,1,0.308,0.0972,5.29e-06,0.0933,0.16,111.524,4
False,68,0.46,0.809,6,-5.415,1,0.326,0.0422,5.04e-05,0.138,0.609,157.184,4
False,65,0.688,0.699,11,-5.0,1,0.0445,0.0126,6.16e-06,0.391,0.385,94.935,4
True,47,0.705,0.824,2,-4.825,1,0.0347,0.18,0,0.0901,0.925,146.999,4
False,63,0.692,0.758,5,-4.826,1,0.217,0.14,0.0314,0.0928,0.241,84.42,4
True,45,0.837,0.603,10,-6.263,0,0.119,0.0275,0,0.101,0.726,113.937,4
False,74,0.811,0.447,4,-6.55,1,0.0414,0.636,0,0.462,0.694,99.995,4
False,69,0.607,0.74,4,-4.793,0,0.172,0.0829,0,0.105,0.219,108.05,4
True,60,0.689,0.679,7,-5.893,1,0.0517,0.195,0.00111,0.224,0.475,149.972,4
True,47,0.71,0.829,0,-5.33,1,0.184,0.00571,0,0.0795,0.473,110.043,4
True,46,0.589,0.513,11,-8.212,0,0.186,0.152,0,0.651,0.544,100.089,4
False,67,0.665,0.287,8,-14.923,1,0.04,0.938,0.149,0.103,0.386,133.924,4
True,51,0.498,0.755,7,-4.862,0,0.0776,0.328,0,0.143,0.442,123.63,4
True,53,0.67,0.743,10,-4.993,1,0.0393,0.237,0,0.465,0.571,125.944,4
False,66,0.536,0.426,7,-10.446,1,0.123,0.64,5.88e-06,0.147,0.375,135.872,4
True,60,0.764,0.473,1,-6.59,0,0.0451,0.277,0,0.117,0.53,143.999,4
False,69,0.91,0.401,1,-9.552,1,0.0855,0.0302,0.000159,0.0801,0.824,135.994,4
True,55,0.816,0.756,11,-7.149,0,0.0758,0.00798,0.0096,0.0603,0.542,108.029,4
False,64,0.435,0.191,10,-12.436,1,0.0396,0.919,0.033,0.114,0.193,112.1,4
True,59,0.737,0.514,9,-6.238,1,0.0468,0.51,0,0.0691,0.449,94.048,4
True,43,0.445,0.396,7,-6.302,0,0.199,0.75,1.71e-06,0.119,0.458,94.921,4
True,45,0.675,0.72,1,-4.768,0,0.21,0.033,1.3e-05,0.0311,0.593,168.039,4
False,67,0.663,0.673,10,-6.152,0,0.0586,0.125,1.58e-06,0.248,0.279,98.0,4
True,56,0.379,0.478,8,-9.0,0,0.0891,0.503,0,0.201,0.109,120.115,4
True,49,0.563,0.676,5,-7.105,0,0.125,0.197,2.33e-05,0.151,0.774,83.226,4
False,64,0.637,0.783,10,-5.228,0,0.131,0.104,0,0.571,0.371,133.164,5
True,56,0.77,0.792,1,-7.755,0,0.248,0.208,0.000501,0.377,0.47,123.972,4
False,66,0.702,0.473,3,-7.499,0,0.0421,0.204,0,0.0848,0.528,104.974,4
True,59,0.749,0.419,5,-9.41,1,0.0719,0.528,7.85e-06,0.113,0.279,120.166,4
False,64,0.898,0.51,0,-6.392,1,0.0386,0.0147,0,0.0745,0.758,112.022,4
True,47,0.831,0.593,5,-6.542,0,0.0387,0.0702,1.82e-05,0.176,0.385,100.977,4
True,49,0.66,0.445,1,-8.261,0,0.0429,0.15,6.46e-05,0.271,0.603,75.025,4
True,46,0.591,0.691,8,-4.891,1,0.0307,0.0236,0,0.274,0.209,95.999,4
True,48,0.822,0.602,0,-5.918,1,0.0357,0.0291,1.84e-05,0.0651,0.764,100.019,4
False,72,0.817,0.635,5,-5.719,0,0.138,0.137,7.85e-06,0.245,0.777,103.029,4
True,51,0.493,0.541,6,-6.972,1,0.0291,0.0151,0,0.0571,0.359,170.105,4
False,67,0.601,0.674,7,-5.638,1,0.125,0.0561,0,0.117,0.596,180.055,4
True,54,0.695,0.679,11,-6.576,1,0.0651,0.316,0,0.068,0.79,95.997,4
True,43,0.679,0.649,7,-2.202,1,0.0488,0.483,0,0.234,0.865,100.044,4
True,60,0.837,0.649,11,-5.26,0,0.192,0.149,7.63e-05,0.103,0.948,164.002,4
True,47,0.729,0.763,0,-6.214,1,0.233,0.0706,0,0.274,0.41,93.041,4
True,54,0.726,0.739,4,-4.233,0,0.0485,0.061,0,0.306,0.736,116.926,4
True,58,0.64,0.817,6,-4.291,0,0.054,0.0505,0.000884,0.492,0.534,135.054,4
False,67,0.651,0.628,1,-5.811,1,0.0959,0.173,0,0.0591,0.513,150.014,4
True,39,0.739,0.801,10,-8.774,1,0.216,0.605,0.00118,0.107,0.744,149.798,4
True,47,0.767,0.488,7,-5.524,0,0.138,0.196,0,0.0826,0.429,93.014,4
True,55,0.741,0.755,2,-5.272,1,0.0361,0.319,2.07e-06,0.112,0.874,141.92,4
True,55,0.612,0.715,1,-4.276,1,0.103,0.138,0,0.112,0.812,107.598,4
True,59,0.687,0.551,6,-5.212,0,0.0708,0.536,0.000195,0.101,0.147,142.009,4
True,52,0.829,0.577,9,-5.269,0,0.0637,0.0812,0,0.027,0.601,123.97,4
False,64,0.664,0.543,1,-8.067,0,0.209,0.011,4.11e-05,0.0779,0.468,159.889,4
True,52,0.784,0.497,6,-7.74,1,0.153,0.34,0,0.121,0.535,74.974,4
True,49,0.543,0.89,4,-2.944,1,0.206,0.0345,0,0.0693,0.769,144.995,4
True,47,0.793,0.648,6,-5.526,0,0.0352,0.141,0.000217,0.0678,0.395,104.944,4
True,45,0.552,0.833,5,-4.895,0,0.402,0.255,0,0.169,0.627,192.012,4
False,67,0.498,0.418,0,-6.294,1,0.0539,0.881,0,0.113,0.796,190.078,4
False,65,0.927,0.563,7,-5.827,1,0.175,0.0306,0,0.0736,0.842,103.312,4
True,40,0.721,0.427,1,-8.168,0,0.031,0.149,0,0.076,0.423,100.994,4
True,55,0.677,0.592,1,-8.87,1,0.0642,0.23,0.000313,0.127,0.317,119.901,4
True,53,0.276,0.283,5,-8.588,0,0.0378,0.591,0.000138,0.0792,0.222,172.942,4
True,25,0.763,0.599,6,-8.269,0,0.0724,0.0863,0.00376,0.129,0.269,92.024,4
True,52,0.683,0.851,1,-4.439,1,0.0455,0.0429,0.00137,0.232,0.627,106.016,4
True,50,0.849,0.682,11,-5.398,0,0.0539,0.162,2.18e-05,0.0902,0.394,103.075,4
True,51,0.585,0.601,2,-4.885,1,0.111,0.0794,0,0.247,0.602,102.212,4
False,69,0.398,0.512,8,-7.148,1,0.0486,0.139,0,0.115,0.0956,133.659,4
True,59,0.607,0.478,1,-5.702,0,0.031,0.649,0,0.0928,0.255,88.979,4
False,71,0.579,0.904,5,-2.729,1,0.0618,0.193,0,0.064,0.681,82.014,4
False,66,0.749,0.723,1,-6.609,1,0.0432,0.0563,0.022,0.0977,0.674,108.999,4
True,61,0.599,0.556,0,-7.732,1,0.0869,0.461,0,0.132,0.46,145.427,4
False,83,0.763,0.572,11,-7.312,0,0.0595,0.493,0.00118,0.106,0.25,151.93,4
False,80,0.515,0.479,3,-7.458,1,0.0261,0.544,0.00598,0.191,0.284,88.964,4
False,76,0.312,0.499,7,-6.282,1,0.0397,0.272,0,0.0901,0.191,148.173,4
False,88,0.503,0.741,4,-5.128,1,0.047,0.579,1.49e-06,0.0712,0.458,88.335,3
False,85,0.851,0.541,0,-6.825,1,0.0505,0.568,0,0.13,0.448,124.959,4
True,40,0.584,0.679,2,-5.17,1,0.04,0.688,2.09e-06,0.232,0.175,102.039,4
False,64,0.604,0.673,1,-5.979,1,0.0545,0.0268,3.32e-05,0.187,0.287,144.971,4
False,67,0.451,0.528,2,-6.984,1,0.0364,0.366,0,0.0811,0.527,139.28,5
True,56,0.622,0.709,5,-7.32,1,0.0669,0.0582,0,0.126,0.488,140.018,4
False,80,0.572,0.691,8,-4.783,0,0.123,0.0788,0.000132,0.0619,0.318,92.082,4
True,45,0.741,0.555,0,-8.087,1,0.044,0.145,0.000172,0.183,0.447,119.971,4
False,95,0.781,0.768,11,-5.991,1,0.0394,0.0119,4.91e-06,0.325,0.486,123.07,4
False,82,0.494,0.637,5,-6.381,1,0.0333,0.669,0,0.0882,0.1,147.924,4
True,29,0.629,0.723,6,-5.688,1,0.0507,0.111,0,0.197,0.411,123.997,4
False,76,0.546,0.839,6,-5.365,0,0.0784,0.00546,0,0.382,0.491,77.009,4
False,65,0.574,0.728,1,-4.777,1,0.062,0.0161,1.42e-06,0.0851,0.266,125.047,4
False,71,0.616,0.438,1,-5.968,1,0.0298,0.356,0,0.24,0.386,135.929,4
False,75,0.745,0.477,11,-7.706,0,0.088,0.202,0,0.12,0.454,136.055,4
False,74,0.636,0.63,0,-6.396,1,0.0346,0.0796,0,0.13,0.454,104.845,4
False,76,0.673,0.71,8,-6.744,1,0.0324,0.00277,0,0.55,0.54,110.017,4
False,87,0.506,0.693,0,-7.265,0,0.0412,0.584,9.58e-05,0.0891,0.221,139.912,4
True,49,0.856,0.452,4,-6.803,1,0.0817,0.139,0,0.139,0.303,114.98,4
False,68,0.68,0.738,6,-4.881,0,0.0331,0.173,0.00036,0.37,0.675,105.015,4
True,50,0.75,0.606,8,-5.311,1,0.076,0.0251,3.77e-06,0.0565,0.846,119.94,4
False,71,0.551,0.755,11,-6.255,1,0.0678,0.0178,0,0.466,0.296,109.835,4
False,63,0.562,0.612,1,-5.204,0,0.0726,0.132,1.28e-06,0.189,0.215,91.655,4
True,57,0.644,0.674,1,-4.929,0,0.0338,0.487,0.0019,0.327,0.459,74.952,4
True,52,0.724,0.812,3,-4.54,1,0.0369,0.0408,0.000262,0.0977,0.671,109.996,4
True,59,0.709,0.819,11,-3.399,0,0.0677,0.0586,9.41e-06,0.358,0.332,123.052,4
True,56,0.767,0.805,7,-4.472,0,0.037,0.191,0,0.0687,0.57,104.99,4
False,85,0.425,0.642,4,-5.06,0,0.0502,0.164,0,0.118,0.112,170.008,4
False,70,0.541,0.703,0,-5.573,1,0.102,0.0218,0,0.0964,0.238,94.858,4
False,71,0.529,0.817,9,-4.05,0,0.052,0.134,0,0.0905,0.299,77.053,4
True,49,0.643,0.705,9,-4.591,1,0.031,0.17,0,0.107,0.56,82.001,4
True,59,0.842,0.666,3,-2.662,0,0.0653,0.358,1.45e-06,0.126,0.799,123.957,4
False,70,0.827,0.613,8,-5.34,1,0.0621,0.366,1.25e-05,0.093,0.747,137.96,4
True,51,0.815,0.61,5,-7.049,0,0.0465,0.00825,5.27e-05,0.099,0.541,124.962,4
False,74,0.708,0.868,6,-3.287,1,0.0431,0.0313,0,0.122,0.72,124.994,4
False,69,0.687,0.766,11,-6.08,1,0.054,0.0557,0.00107,0.146,0.303,94.973,4
True,56,0.793,0.697,0,-5.528,0,0.0692,0.09,2.14e-05,0.235,0.562,109.995,4
False,64,0.617,0.732,11,-6.737,0,0.0278,0.0278,0,0.125,0.723,84.977,4
True,56,0.673,0.836,1,-4.574,1,0.0684,0.0713,0,0.0657,0.635,91.044,4
True,46,0.661,0.506,1,-10.158,0,0.215,0.634,2.57e-05,0.114,0.345,118.073,4
False,70,0.662,0.677,1,-6.371,0,0.0406,0.23,0,0.369,0.347,99.017,4
True,57,0.641,0.75,7,-4.935,1,0.0313,0.267,0.000294,0.396,0.634,147.956,4
False,76,0.423,0.857,10,-3.441,0,0.275,0.0316,0,0.0555,0.655,180.01,4
False,73,0.757,0.832,4,-3.318,0,0.0758,0.0384,0.00241,0.661,0.386,125.894,4
True,61,0.673,0.602,7,-6.133,1,0.139,0.157,0,0.104,0.399,139.839,4
False,68,0.741,0.752,2,-4.968,1,0.0386,0.00834,0.00165,0.0438,0.609,114.02,4
True,48,0.755,0.622,10,-3.521,0,0.0756,0.341,0,0.249,0.447,79.996,4
False,75,0.814,0.627,8,-3.294,1,0.0499,0.00211,0.00124,0.0607,0.603,100.019,4
True,57,0.47,0.848,9,-3.508,0,0.0662,0.0299,1.1e-05,0.12,0.287,128.143,4
False,85,0.414,0.486,6,-6.431,0,0.0311,0.0129,0,0.111,0.368,128.038,4
False,64,0.81,0.621,0,-4.773,0,0.148,0.443,0,0.0816,0.429,103.117,4
False,63,0.692,0.557,8,-6.741,1,0.402,0.0335,0,0.0958,0.692,161.875,4
False,69,0.675,0.849,0,-3.841,1,0.0675,0.0938,0,0.121,0.681,100.111,4
True,48,0.535,0.848,2,-3.392,0,0.032,0.0019,1.87e-06,0.21,0.73,78.994,4
False,63,0.619,0.938,5,-5.245,1,0.35,0.0257,1.39e-05,0.128,0.601,94.38,4
False,69,0.656,0.615,5,-6.252,1,0.0539,0.0283,0,0.234,0.366,139.91,4
False,65,0.565,0.771,1,-5.22,1,0.213,0.00464,0,0.0568,0.573,168.385,4
True,51,0.741,0.559,10,-7.775,1,0.03,0.00728,0.000971,0.21,0.466,101.999,4
False,70,0.735,0.423,0,-6.652,1,0.0459,0.011,0,0.0553,0.85,85.899,4
True,23,0.718,0.609,0,-4.699,0,0.0429,0.281,3.29e-05,0.234,0.497,122.948,4
False,63,0.624,0.806,1,-5.957,1,0.0437,0.00411,0,0.0872,0.528,149.999,4
True,26,0.696,0.503,8,-4.842,1,0.0356,0.0745,0,0.0869,0.559,99.977,4
True,37,0.857,0.8,2,-4.035,1,0.0583,0.381,0,0.0913,0.966,121.996,4
True,14,0.608,0.841,0,-3.798,1,0.0464,0.00593,0.0573,0.121,0.274,167.969,4
False,78,0.76,0.588,9,-7.082,1,0.0775,0.0485,0,0.0847,0.384,102.974,4
False,71,0.44,0.413,0,-7.365,0,0.0407,0.105,3.4e-05,0.0997,0.141,86.911,3
False,75,0.741,0.667,10,-5.445,1,0.134,0.0575,0,0.106,0.595,112.956,4
False,69,0.72,0.727,5,-3.882,1,0.0489,0.0556,0,0.138,0.481,99.994,4
True,10,0.905,0.596,1,-7.496,0,0.118,0.000339,2.05e-05,0.0897,0.422,149.996,4
False,76,0.633,0.592,0,-7.245,0,0.112,0.197,0,0.099,0.679,90.066,4
True,45,0.684,0.631,0,-6.746,0,0.0378,0.306,4.97e-05,0.103,0.528,91.958,4
False,73,0.783,0.467,6,-9.474,1,0.0503,0.729,0.809,0.109,0.236,90.838,4
True,49,0.673,0.76,0,-4.434,0,0.15,0.111,9.5e-06,0.147,0.532,104.982,4
True,3,0.657,0.633,7,-7.063,1,0.0399,0.0222,1.01e-05,0.13,0.31,140.024,4
True,61,0.504,0.729,8,-5.624,1,0.103,0.0808,0,0.0948,0.535,109.71,4
True,47,0.658,0.729,11,-4.09,0,0.0495,0.0591,2.85e-06,0.101,0.563,102.898,4
True,55,0.443,0.726,7,-3.745,1,0.167,0.416,0,0.369,0.37,119.824,4
True,8,0.66,0.575,6,-4.934,0,0.0367,0.115,1.59e-06,0.131,0.477,110.091,4
True,52,0.6,0.726,10,-5.988,0,0.166,0.195,8.22e-05,0.115,0.395,100.075,4
False,69,0.746,0.846,9,-2.432,1,0.048,0.0485,0,0.195,0.403,114.955,4
True,16,0.774,0.808,0,-5.929,1,0.328,0.318,0.000511,0.26,0.518,124.034,4
True,60,0.679,0.553,8,-6.074,1,0.0493,0.266,0,0.0841,0.575,99.983,4
True,7,0.482,0.769,6,-4.473,1,0.0549,0.0343,0.00498,0.0953,0.427,149.69,4
True,9,0.804,0.522,9,-7.319,0,0.0485,0.227,0.000171,0.077,0.243,134.168,4
True,9,0.749,0.747,6,-6.457,1,0.121,0.0938,1.17e-05,0.256,0.475,109.063,4
True,2,0.492,0.701,0,-5.696,1,0.232,0.358,0.000133,0.0881,0.404,164.171,4
True,7,0.622,0.593,5,-7.755,0,0.0414,0.56,0,0.175,0.369,100.048,4
True,52,0.71,0.695,0,-7.008,1,0.0405,0.148,1.35e-06,0.132,0.455,120.007,4
True,60,0.744,0.595,9,-6.076,0,0.0782,0.181,5.89e-05,0.148,0.56,94.92,4
True,45,0.805,0.409,6,-8.039,1,0.0664,0.165,0.001,0.259,0.629,119.906,4
True,58,0.822,0.6,11,-6.235,0,0.331,0.196,0,0.0835,0.281,142.923,4
True,40,0.461,0.458,8,-8.417,1,0.072,0.0346,1.2e-05,0.373,0.193,86.001,4
False,62,0.601,0.499,6,-11.131,1,0.0343,0.815,0.712,0.109,0.531,96.981,4
True,47,0.731,0.886,8,-4.649,1,0.0873,0.128,0,0.086,0.509,87.537,4
True,47,0.559,0.799,9,-5.807,0,0.0455,0.000397,0.00958,0.0609,0.367,116.975,4
True,9,0.66,0.625,8,-7.123,0,0.0689,0.114,0.000233,0.172,0.283,100.025,4
True,49,0.833,0.477,3,-9.489,0,0.04,0.689,0.000927,0.095,0.155,109.989,1
True,38,0.917,0.381,0,-6.98,1,0.0771,0.254,0.000814,0.295,0.49,103.966,4
True,58,0.553,0.811,4,-5.832,1,0.111,0.0449,0,0.101,0.629,104.988,4
True,39,0.57,0.489,9,-6.431,0,0.0397,0.04,5.55e-05,0.105,0.104,130.893,4
True,57,0.602,0.901,8,-3.842,0,0.0854,0.0104,0.00677,0.0799,0.362,94.57,4
True,9,0.737,0.729,5,-6.817,0,0.0354,0.127,2.16e-05,0.077,0.436,111.937,4
True,49,0.231,0.465,6,-9.705,1,0.0373,0.482,0.000877,0.0593,0.266,80.027,4
True,14,0.805,0.658,6,-6.137,1,0.0702,0.56,0.0133,0.124,0.305,114.972,4
False,62,0.61,0.69,2,-2.656,0,0.091,0.0429,6.76e-05,0.166,0.318,179.944,4
True,43,0.553,0.564,9,-7.072,0,0.0418,0.039,0,0.318,0.31,149.953,4
False,62,0.386,0.714,6,-5.597,0,0.381,0.263,0,0.233,0.289,89.807,4
True,1,0.699,0.668,9,-7.126,0,0.034,0.00631,0.00011,0.12,0.431,120.0,4
True,60,0.704,0.732,5,-6.125,0,0.0539,0.196,7.73e-05,0.0951,0.699,105.044,4
False,67,0.683,0.481,8,-9.174,0,0.075,0.191,0.736,0.0907,0.47,120.001,4
True,49,0.674,0.951,5,-3.371,0,0.131,0.0156,0.182,0.0866,0.274,120.001,4
True,52,0.629,0.882,8,-5.231,1,0.0449,0.0502,0.000584,0.0971,0.436,105.004,4
True,53,0.703,0.794,8,-5.866,1,0.0357,0.175,0.00131,0.0569,0.707,124.038,4
False,77,0.56,0.592,9,-6.951,1,0.0544,0.455,0,0.297,0.564,112.684,4
True,2,0.393,0.577,4,-7.652,1,0.0446,0.0605,0.00535,0.138,0.14,95.039,4
True,53,0.591,0.666,1,-6.789,0,0.14,0.385,0.000241,0.074,0.669,116.936,4
True,9,0.685,0.646,0,-6.717,1,0.0711,0.108,0.236,0.17,0.539,111.966,4
True,13,0.493,0.66,1,-5.998,1,0.0408,0.00319,0.174,0.246,0.226,175.917,4
True,44,0.684,0.705,11,-5.089,0,0.0354,0.00295,0.000391,0.246,0.275,87.998,4
True,33,0.762,0.832,10,-8.139,1,0.0797,0.0303,0.0215,0.0893,0.658,103.005,4
True,37,0.311,0.565,6,-6.419,1,0.0405,0.000542,0.0359,0.155,0.291,138.293,5
True,47,0.604,0.917,4,-5.443,0,0.0346,0.128,0.574,0.0554,0.439,120.999,4
True,59,0.593,0.78,7,-5.876,0,0.0736,0.0871,0,0.202,0.359,99.974,4
True,51,0.65,0.785,0,-4.039,1,0.0383,0.225,6.36e-05,0.138,0.475,101.002,4
True,13,0.686,0.748,2,-5.702,1,0.0434,0.0161,0.0406,0.296,0.259,94.995,4
True,6,0.572,0.754,1,-4.148,1,0.0564,0.0949,1.86e-06,0.0985,0.423,150.068,4
True,55,0.623,0.627,5,-6.73,1,0.0518,0.603,0.00908,0.316,0.459,100.04,4
True,52,0.648,0.577,6,-9.916,0,0.144,0.895,0.0446,0.0848,0.353,97.91,4
False,67,0.763,0.671,1,-4.029,0,0.1,0.401,1.16e-05,0.375,0.602,120.06,4
True,1,0.676,0.692,3,-6.353,1,0.0373,0.0155,2.51e-06,0.0708,0.752,139.993,4
True,4,0.74,0.583,9,-7.095,0,0.0312,0.116,0.000774,0.238,0.346,101.011,4
True,24,0.87,0.496,5,-5.849,1,0.0741,0.113,0,0.134,0.778,102.015,4
False,70,0.739,0.619,10,-6.669,1,0.162,0.0572,0,0.105,0.58,112.961,4
True,56,0.733,0.62,3,-8.556,1,0.0698,0.168,0.000989,0.118,0.122,104.95,4
True,58,0.903,0.532,7,-7.188,0,0.0593,0.122,0.0345,0.176,0.701,96.991,4
True,56,0.553,0.842,3,-4.832,1,0.0916,0.252,7.17e-05,0.121,0.415,171.983,4
True,61,0.694,0.765,4,-7.078,0,0.0297,0.0136,0,0.154,0.577,100.985,4
True,48,0.633,0.782,11,-3.252,1,0.0405,0.0604,0,0.182,0.803,96.073,4
True,7,0.752,0.547,1,-7.326,0,0.22,0.452,0.000109,0.167,0.775,152.056,4
True,41,0.602,0.64,9,-6.424,0,0.0319,0.0751,0.0264,0.372,0.387,99.948,4
True,49,0.441,0.74,5,-5.502,0,0.0863,0.0128,0,0.127,0.583,129.344,4
False,63,0.87,0.502,5,-7.497,0,0.0549,0.549,0.00356,0.0916,0.673,82.53,4
False,64,0.565,0.782,8,-6.413,1,0.0506,0.0577,4.16e-05,0.0757,0.4,140.004,4
True,21,0.726,0.769,6,-5.043,1,0.123,0.0293,0.0101,0.104,0.733,97.985,4
True,4,0.747,0.592,8,-6.334,1,0.0457,0.00517,1.48e-05,0.124,0.176,110.991,3
True,26,0.437,0.481,11,-9.681,0,0.237,0.377,0,0.33,0.216,83.606,4
False,63,0.774,0.458,10,-6.45,1,0.042,0.0278,0,0.133,0.183,118.024,4
False,70,0.568,0.401,7,-6.341,1,0.0297,0.382,0,0.262,0.296,95.796,4
True,49,0.405,0.62,0,-6.806,0,0.142,0.0419,1.38e-05,0.108,0.48,195.881,4
True,58,0.735,0.482,8,-9.445,1,0.139,0.00623,0.0144,0.448,0.315,181.995,4
False,69,0.639,0.623,5,-7.247,1,0.0876,0.0703,0,0.0833,0.45,103.069,4
False,67,0.638,0.642,7,-4.422,1,0.0639,0.00153,4.07e-06,0.0826,0.676,165.984,4
False,90,0.602,0.658,1,-5.934,1,0.0558,0.0233,6e-05,0.237,0.268,145.031,4
False,94,0.901,0.522,2,-8.304,1,0.33,0.0114,0,0.259,0.329,104.053,4
False,77,0.681,0.666,3,-5.264,0,0.162,0.128,0,0.127,0.413,95.028,4
False,76,0.746,0.767,1,-2.907,0,0.0374,0.0601,1.07e-05,0.0859,0.773,94.007,4
False,74,0.621,0.478,5,-8.246,1,0.0351,0.263,0,0.257,0.248,115.023,4
False,71,0.508,0.29,10,-7.846,1,0.0298,0.901,0,0.105,0.287,135.114,4
False,66,0.362,0.377,2,-9.713,1,0.0339,0.732,0.000631,0.127,0.294,137.891,4
False,91,0.876,0.786,10,-4.884,0,0.306,0.0627,0,0.127,0.575,153.068,4
